ELF build\agent-a-ref\SRB2.ELF 5827204 bytes
text	   data	    bss	    dec	    hex	filename
2723132	 508064	 869160	4100356	 3e9104	build\agent-a-ref\SRB2.ELF
defined symbols: 6417
forbidden symbols: 0
--- nm --defined-only (address type name) ---
00119840 T __adddf3
00130088 T __any_on
0012eae0 T __ascii_mbtowc
001303b8 T __ascii_wctomb
0013ebd0 T __assert
0013eb70 T __assert_func
004203f0 B __atexit
0036413c D __atexit_recursive_mutex
0012fb90 T __b2d
0012cf98 T __call_exitprocs
00417820 B __cd0
003ce4a8 R __clz_tab
001191b8 T __clzdi2
0012fff0 T __copybits
00351cdc d __CTOR_END__
00351cd0 d __CTOR_LIST__
00119238 T __ctzdi2
00420560 B __cwd
00420660 B __cwd_len
0012fd38 T __d2b
00420790 B __descriptor_data_pool
00420460 B __descriptormap
00119ba0 T __divdf3
0011a288 T __divdi3
0014a250 t __do_global_ctors_aux
001049a0 t __do_global_dtors_aux
00351ce4 D __DTOR_END__
00351ce0 d __DTOR_LIST__
0012d1d8 T __env_lock
0012d1e8 T __env_unlock
00119d28 T __eqdf2
0012c930 T __errno
00119598 T __extendsfdf2
00142988 T __fdman_deinit
00142a78 T __fdman_get_dup_descriptor
00142b80 T __fdman_get_dup2_descriptor
001429a8 T __fdman_get_new_descriptor
001428b8 T __fdman_init
00142c48 T __fdman_release_descriptor
003641a8 D __fdman_sema
00417850 B __fileXio_fdman_ops_dir
004178b8 B __fileXio_fdman_ops_file
00417920 B __fileXio_fdman_path_ops
00417814 B __fileXioBlockMode
00105358 T __fileXioCloseHelper
00351dd0 D __fileXioCompletionSema
00105310 T __fileXioDcloseHelper
00105030 T __fileXioDreadHelper
00105668 T __fileXioGetFdHelper
00105650 T __fileXioGetFilenameHelper
001053a0 T __fileXioGetstatHelper
00417818 B __fileXioInited
00105148 T __fileXioIoctl2Helper
001051a8 T __fileXioIoctlHelper
00105238 T __fileXioLseek64Helper
00104f78 T __fileXioLseekDirHelper
00105280 T __fileXioLseekHelper
00105680 T __fileXioOpenHelper
00351c48 t __fileXioOpsInitialize
00104cc8 T __fileXioOpsInitializeImpl
001052c8 T __fileXioReadHelper
001051f0 T __fileXioWriteHelper
00420668 B __fio_fdman_ops_dir
004206d0 B __fio_fdman_ops_file
00420738 B __fio_fdman_path_ops
00143a68 T __fioCloseHelper
00143ab0 T __fioDcloseHelper
00143c18 T __fioDreadHelper
00143a38 T __fioGetFdHelper
00143a50 T __fioGetFilenameHelper
00143de0 T __fioGetstatHelper
00143bd0 T __fioIoctlHelper
00143d20 T __fioLseekDirHelper
00143b40 T __fioLseekHelper
00143dd8 T __fioMkdirHelper
00143870 T __fioOpenHelper
00351c50 t __fioOpsInitialize
001432e8 T __fioOpsInitializeImpl
00143af8 T __fioReadHelper
00143b88 T __fioWriteHelper
0014a190 T __fixdfdi
0011a078 T __fixdfsi
00119320 T __fixsfdi
001193e8 T __fixunsdfdi
001192b8 T __fixunsdfsi
00119360 T __fixunssfdi
001194f8 T __floatdidf
00119468 T __floatdisf
00119fe0 T __floatsidf
00119548 T __floatundidf
0011a1d0 T __floatunsidf
00123160 t __fp_lock
00123588 T __fp_lock_all
001231b0 t __fp_unlock
001235c0 T __fp_unlock_all
00116af0 T __fpclassifyd
0011bfe8 T __fpcmp_parts_d
00413d78 r __func__.0
0040a608 r __FUNCTION__.0
00119e18 T __gedf2
001436e8 T __get_drive
0012d7c8 T __gethex
00149d18 T __getTlsStructFromThread
0013e2f0 T __gettzinfo
00363ea8 D __global_locale
00425d98 B __globalTls
00425da8 B __globalTlsLock
00142ce0 W __gprof_cleanup
00142cd8 W __gprof_init
00119da0 T __gtdf2
0041524c b __head
003cf040 R __hexdig
0012e370 T __hexnan
0012ef20 T __hi0bits
0012f130 T __i2b
00117208 T __ieee754_hypot
001175f8 T __ieee754_rem_pio2
00117ba0 T __ieee754_sqrt
001419f0 T __init_cwd
00417940 B __intr_data
00116cc0 T __kernel_cos
00117fe8 T __kernel_rem_pio2
00117008 T __kernel_sin
00425da0 B __keysUsed
00119f08 T __ledf2
00143270 T __libcglue_init_stdio
00142cf0 W __libpthreadglue_deinit
00142ce8 W __libpthreadglue_init
0012efe8 T __lo0bits
0012c440 T __locale_mb_cur_max
0012c4e8 T __localeconv_l
00420768 B __lock___arc4random_mutex
00420758 B __lock___at_quick_exit_mutex
00420410 B __lock___atexit_recursive_mutex
00420450 B __lock___dd_hash_mutex
00420430 B __lock___env_recursive_mutex
00420420 B __lock___malloc_recursive_mutex
00420400 B __lock___sfp_recursive_mutex
00420440 B __lock___tz_mutex
00351dcc D __lock_sema_id
001427a0 T __locks_deinit
00142620 T __locks_init
0012f630 T __lshift
00119e90 T __ltdf2
0011a140 T __make_dp
0011bce8 T __make_fp
00363a88 D __malloc_av_
004201b0 B __malloc_current_mallinfo
0011d0c0 T __malloc_lock
004201dc B __malloc_max_sbrked_mem
004201d8 B __malloc_max_total_mem
00363a80 D __malloc_sbrk_base
004201e0 B __malloc_top_pad
00363a84 D __malloc_trim_threshold
0011d0d0 T __malloc_unlock
0012e8c0 T __malloc_update_mallinfo
0012e310 T __match
00425da4 B __maxTlsValues
0012f7f0 T __mcmp
0012f860 T __mdiff
0011a968 T __moddi3
00415248 b __modelSupportsGetGsDxDyOffset
003ced88 R __month_lengths
003cf178 R __mprec_bigtens
003cf1a0 R __mprec_tens
003cf150 R __mprec_tinytens
001198f0 T __muldf3
0011a248 T __muldi3
0012ec20 T __multadd
0012f218 T __multiply
0014a1d8 T __nedf2
0011bd20 T __pack_d
0011c120 T __pack_f
00142cf8 T __path_absolute
0012f4b0 T __pow5mult
00149af0 T __pteTlsAlloc
00149bb0 T __pteTlsSetValue
0012fea8 T __ratio
00142520 T __retarget_lock_acquire
00142528 T __retarget_lock_acquire_recursive
001424f0 T __retarget_lock_close_recursive
00142488 T __retarget_lock_init_recursive
001425a0 T __retarget_lock_release
001425a8 T __retarget_lock_release_recursive
0012ed88 T __s2b
001225d8 t __sbprintf
0013d8f0 t __sbprintf
0041a940 B __sbuff
0013dde0 T __sccl
00125840 T __sclose
00125738 T __seofread
004201e8 B __sf
0013dab0 T __sflags
001228d8 T __sflush_r
00123370 T __sfp
00123568 T __sfp_lock_acquire
00123578 T __sfp_lock_release
00124030 T __sfvwrite_r
00363e90 D __sglue
00141780 T __sigtramp
001414a8 T __sigtramp_r
001234e8 T __sinit
0013db88 T __smakebuf_r
001226c0 T __sprint_r
001256d0 T __sread
00124dd8 T __srefill_r
001257d8 T __sseek
0013d9d8 T __ssprint_r
00141120 T __ssputs_r
00131d70 T __ssrefill_r
00131fc8 T __ssvfiscanf_r
001379c8 T __ssvfscanf_r
001018e8 T __start
00420338 B __stdio_exit_handler
00129d28 t __strftime.isra.0
00127d40 T __strtok_r
00119890 T __subdf3
0013def0 T __submore
00125be0 T __swbuf
00125a58 T __swbuf_r
0013dcf0 T __swhatbuf_r
00125740 T __swrite
00125bf8 T __swsetup_r
003ce490 R __thenan_df
00425d9c B __threadDataKey
00425db0 B __threadInfo
003cdd84 D __TMC_END__
00143520 T __transform_errno
0011a178 T __truncdfsf2
0012bb90 T __tz_lock
0012bba0 T __tz_unlock
0012b7b0 T __tzcalc_limits
00420348 b __tzname_dst
00420358 b __tzname_std
0011b5d0 T __udivdi3
0012fae0 T __ulp
0011b010 T __umoddi3
00119f80 T __unorddf2
0011bef8 T __unpack_d
0011bc00 T __unpack_f
0011c2f8 T _atoi_r
00417848 b _backup_libcglue_fdman_path_ops
0012eb30 T _Balloc
0012ebf0 T _Bfree
003cef40 R _C_time_locale
0011c320 T _calloc_r
00149400 T _CdCheckSCmd
001165d8 T _CdSemaExit
00116548 T _CdSemaInit
00116660 T _CdSyncS
0012cdc0 T _cleanupdir
00141c08 T _close
0012c510 T _close_r
003ce6d0 R _ctype_
003ce7d8 R _ctype_b
00420368 B _daylight
003ced28 r _DAYS_BEFORE_MONTH
00147e60 T _DisableDmac
00146f60 T _DisableIntc
0013ee18 T _dtoa_r
00414e84 D _edata
00147e50 T _EnableDmac
00146f50 T _EnableIntc
004e9228 B _end
004e9228 B _end_bss
00101968 T _exit
00414f00 D _fbss
00122700 T _fclose_r
00141fd0 T _fcntl
0013e8a0 T _fcntl_r
00351d00 D _fdata
00122b58 T _fflush_r
00122d88 T _fgets_r
0011c490 T _findenv
0011c4d0 T _findenv_r
00351c9c T _fini
00423040 B _fio_block_mode
00423900 B _fio_cd
003652b0 D _fio_completion_sema
00423044 B _fio_init
00147930 T _fio_intr
00423080 B _fio_intr_data
003652b4 D _fio_io_sema
00145628 T _fio_read_intr
00423100 B _fio_recv_data
00120d28 T _fiprintf_r
001235f8 T _fopen_r
001195d8 t _fpadd_parts
001237e0 T _fprintf_r
00123868 T _fputc_r
00123a40 T _fputs_r
00123bd8 T _fread_r
0012d340 T _free_r
00123fc0 T _fseek_r
00125db8 T _fseeko_r
00141e88 T _fstat
0012c580 T _fstat_r
00123fe0 T _ftell_r
001263e0 T _ftello_r
00100000 T _ftext
001245a0 T _fwalk_sglue
00124668 T _fwrite_r
001062f8 t _fxio_intr
00106678 t _fxio_intr
00105f48 t _fxio_intr
00105e30 t _fxio_intr
00105d20 t _fxio_intr
00106090 t _fxio_intr
00105a60 t _fxio_intr
00106788 t _fxio_intr
001068d0 t _fxio_intr
00106a28 t _fxio_intr
00106eb8 t _fxio_intr
00105be0 t _fxio_intr
00106b58 t _fxio_intr
001061c8 t _fxio_intr
00106c88 t _fxio_intr
00105850 t _fxio_intr
00106da0 t _fxio_intr
0011c628 T _getenv_r
00144190 T _GetGsDxDyOffset
00142338 T _getpid
001418e8 T _getpid_r
001423c0 T _gettimeofday
0012c5f8 T _gettimeofday_r
0041ce70 R _gp
003641a4 d _heap_ptr.0
ffffffff A _heap_size
00146f80 T _iGetThreadId
00422400 B _ih_caps
00422408 B _ih_cd
00364018 D _impure_data
00414e80 D _impure_ptr
00351c58 T _init
00351dc4 d _init_count.1
00141708 T _init_signal
001412d8 T _init_signal_r
001468a0 T _InitSys
00147040 T _InitTLB
004224a8 B _iop_reboot_count
0013ea00 T _isatty
0013e918 T _isatty_r
00146fa0 T _iWakeupThread
00422cc0 B _kExecArg
00142340 T _kill
00141870 T _kill_r
00423938 B _lf_cd
00423930 B _lf_init
00141960 W _libcglue_args_parse
00141930 W _libcglue_deinit
003641a0 D _libcglue_fdman_path_ops
001418f0 W _libcglue_init
00142818 T _libcglue_rtc_get_offset_from_busclk
00142878 W _libcglue_rtc_update
00142828 T _libcglue_rtc_update_impl
00142898 W _libcglue_timezone_update
001435d8 T _libcglue_timezone_update_impl
0012c4f0 T _localeconv_r
001421a8 T _lseek
0012c670 T _lseek_r
001003c8 t _main
0012e950 T _mallinfo_r
0011c668 T _malloc_r
0012ea30 T _malloc_stats_r
0012d1f8 T _malloc_trim_r
0011fcf8 T _mallopt_r
00140fb0 T _mbrtowc_r
0012ead0 T _mbtowc_r
0011faf0 T _memalign_r
00143548 T _mkdir
0012ff60 T _mprec_log10
0011d130 T _mstats_r
00141a98 T _open
0012c6e8 T _open_r
0012c9a8 t _opendir_common
00148f58 T _perror_r
001248d0 T _printf_r
001481f8 W _ps2sdk_deinit_timer
00147d10 T _ps2sdk_deinit_timer_impl
00104c00 T _ps2sdk_fileXio_deinit
00104be0 T _ps2sdk_fileXio_init
00147c88 W _ps2sdk_init_timer
00147cf0 T _ps2sdk_init_timer_impl
00420778 B _ps2sdk_rtc_offset_from_busclk
00124968 T _putc_r
00124be8 T _puts_r
001413f0 T _raise_r
00420bc0 b _rb_count.0
00417810 b _rb_count.0
00422430 b _rb_count.0
00423960 b _rb_count.0
00423928 b _rb_count.0
00422d54 b _rb_count.1
00415594 b _rb_count.1
00141cd0 T _read
0012c760 T _read_r
0011d278 T _realloc_r
00124fc0 T _remove_r
00144948 t _request_bind
00144810 t _request_call
001448a0 t _request_end
001447b0 t _request_rdata
00147590 T _rpc_get_fpacket
001474c0 T _rpc_get_packet
00142358 T _sbrk
0012c7d8 T _sbrk_r
0012cc78 T _seekdir
0011fde0 T _setenv_r
0012c3a8 T _setlocale_r
00146fe0 T _SetTLBEntry
00131e30 T _sfread_r
00422d00 B _sif_cmd_data
003641c0 D _sif_rpc_data
00147fc0 T _SifCmdIntHandler
001479f0 T _SifLoadModuleBuffer
00147e80 T _SifSendCmd
00141340 T _signal_r
00130478 T _siscanf_r
00415240 b _slib_cur_exp_lib_list
00130508 T _sniprintf_r
00125340 T _snprintf_r
001254b8 T _sprintf_r
00125640 T _sscanf_r
ffffffff A _stack
00080000 A _stack_size
00141df0 T _stat
0013e988 T _stat_r
00127120 T _strdup_r
00127190 T _strerror_r
0011d968 T _strtod_l
0011f660 T _strtod_r
0011f810 t _strtol_l.isra.0
0011faa0 T _strtol_r
001408f0 t _strtoll_l.isra.0
00140c30 T _strtoll_r
00130110 t _strtoul_l.isra.0
00130370 T _strtoul_r
00140c68 t _strtoull_l.isra.0
00140f78 T _strtoull_r
00131c38 T _sungetc_r
00130680 T _svfiprintf_r
00134210 T _svfprintf_r
00147050 T _SyncDCache
00420364 B _timezone
00363ea0 D _tzname
0012c380 T _tzset_r
0012bbb0 T _tzset_unlocked
0012bbe8 T _tzset_unlocked_r
0013dfc8 T _ungetc_r
001422b8 T _unlink
0012c848 T _unlink_r
001200b0 T _unsetenv_r
00128ae8 T _user_strerror
00120db0 T _vfiprintf_r
0013a0c0 T _vfprintf_r
001258f0 T _vsnprintf_r
00125a00 T _vsprintf_r
001303a8 T _wctomb_r
00141d60 T _write
0012c8b8 T _write_r
001f9a50 T A_1upThinker
001f4790 T A_ArrowBonks
001fbc90 T A_AttractChase
001fb4d8 T A_AwardScore
002017a8 T A_Boss1Chase
001f7e08 T A_Boss1Laser
002044e8 T A_Boss1Spikeballs
00201c18 T A_Boss2Chase
00202278 T A_Boss2Pogo
00202be8 T A_Boss2PogoSFX
00202dd0 T A_Boss2PogoTarget
002024e8 T A_Boss2TakeDamage
002046d8 T A_Boss3Path
00204be8 T A_Boss3ShockThink
002046c0 T A_Boss3TakeDamage
001f8d28 T A_Boss4Raise
001f8c20 T A_Boss4Reverse
001f8cf0 T A_Boss4SpeedUp
0020efc0 T A_Boss5BombExplode
0020e558 T A_Boss5Calm
0020e718 T A_Boss5CheckFalling
0020e580 T A_Boss5CheckOnGround
0020e3d0 T A_Boss5ExtraRepeat
0020d968 T A_Boss5FindWaypoint
0020cb40 T A_Boss5Jump
001f0cc8 t A_Boss5Jump.part.0
0020e890 T A_Boss5MakeItRain
0020e9a0 T A_Boss5MakeJunk
0020e7a0 T A_Boss5PinchShot
00202580 T A_Boss7Chase
001f75a0 T A_Boss7FireMissiles
001fa460 T A_BossDeath
001f7138 T A_BossFireShot
00206198 T A_BossJetFume
001f9678 T A_BossScream
001f94a0 T A_BossZoom
0020a228 T A_BrakChase
0020a680 T A_BrakFireShot
0020a890 T A_BrakLobShot
001fbc60 T A_BubbleCheck
001fbb28 T A_BubbleRise
001fb770 T A_BubbleSpawn
001fb6d0 T A_BunnyHop
00203878 T A_BuzzFly
0020fd90 T A_CanarivoreGas
001fede0 T A_CapeChase
002055b8 T A_ChangeAngleAbsolute
00205550 T A_ChangeAngleRelative
00205c00 T A_ChangeColorAbsolute
00205bb0 T A_ChangeColorRelative
00211aa0 T A_ChangeHeight
002056d8 T A_ChangeRollAngleAbsolute
00205670 T A_ChangeRollAngleRelative
001f2a48 T A_Chase
00208608 T A_CheckAmbush
001f4110 T A_CheckBuddy
002086f8 T A_CheckCustomValue
00208728 T A_CheckCusValMemo
0020d938 T A_CheckFlags2
002081c8 T A_CheckHealth
002082f8 T A_CheckHeight
00208008 T A_CheckRandom
002081f8 T A_CheckRange
00208118 T A_CheckRings
002080d0 T A_CheckTargetRings
002084a0 T A_CheckThingCount
00208170 T A_CheckTotalRings
002083b8 T A_CheckTrueRange
001fe4b0 T A_ChickenCheck
0020d210 T A_ConnectToGround
001ffaf0 T A_CrawlaCommanderThink
001f5120 T A_CrushclawAim
001f53e0 T A_CrushclawLaunch
001f5078 T A_CrushstaceanPunch
001f4f08 T A_CrushstaceanWalk
0020d8c0 T A_CryingToMomma
00207b90 T A_Custom3DRotate
001fb118 T A_CustomPower
00208b18 T A_CusValAction
0020f750 T A_DebrisRandom
001fe950 T A_DetonChase
0020e1b8 T A_DoNPCPain
0020df58 T A_DoNPCSkid
002116b8 T A_DragonbomberSpawn
00211930 T A_DragonSegment
00211870 T A_DragonWing
001fc0d8 T A_DropMine
00206ab8 T A_DualAction
0020f0c0 T A_DustDevilThink
00205c40 T A_Dye
002033e0 T A_EggmanBox
002041c0 T A_EggShield
001fa440 T A_Explode
001fb550 T A_ExtraLife
001f2da0 T A_FaceStabChase
001f31e0 T A_FaceStabHurl
001f3700 T A_FaceStabMiss
001f3098 T A_FaceStabRev
001f6af8 T A_FaceTarget
001f6b48 T A_FaceTracer
0020ca90 T A_FadeOverlay
001f9a18 T A_Fall
00210bc0 T A_FallingLavaCheck
001fb978 T A_FanBubbleSpawn
00205780 T A_FindTarget
00205960 T A_FindTracer
001f6ec0 T A_FireShot
00210c80 T A_FireShrink
001fc298 T A_FishJump
0020c990 T A_FlameParticle
0020baa0 T A_FlickyAim
0020b430 T A_FlickyCenter
0020c5c8 T A_FlickyCheck
0020c1c0 T A_FlickyCoast
0020c538 T A_FlickyFlounder
0020c8e0 T A_FlickyFlutter
0020c020 T A_FlickyFly
0020c758 T A_FlickyHeightCheck
0020c520 T A_FlickyHop
0020c0a8 T A_FlickySoar
0020b2d8 T A_FlickySpawn
001f88b0 T A_FocusTarget
00208ca0 T A_ForceStop
00208cc0 T A_ForceWin
002071b8 T A_GhostMe
001fb5e8 T A_GiveShield
001fb1c0 T A_GiveWeapon
001f9fe0 T A_GoldMonitorPop
001fa2c8 T A_GoldMonitorRestore
001fa2e8 T A_GoldMonitorSparkle
00202b98 T A_GoopSplat
001fb650 T A_GravityBox
00203e28 T A_GuardChase
002090e0 T A_HomingChase
001f4740 T A_HoodFall
001f4158 T A_HoodFire
001f4590 T A_HoodThink
00208e28 T A_InfoState
00207aa8 T A_InstaLoop
001fb2b0 T A_Invincibility
001fd670 T A_JetbThink
001fd648 T A_JetChase
001f24e8 t A_JetChase.part.0
001fda88 T A_JetgShoot
001fe5b0 T A_JetgThink
001f3b98 T A_JetJawChomp
001f3ac8 T A_JetJawRoam
0020fe80 T A_KillSegments
00207378 T A_KnockBack
00210a78 T A_LavafallLava
00210918 T A_LavafallRocks
0020cb60 T A_LightBeamReset
00205040 T A_LinedefExecute
002050c8 T A_LinedefExecuteFromArg
001f6b98 T A_LobShot
001f2940 T A_Look
0020ef40 T A_LookForBetter
00210610 T A_MinecartSparkThink
0020cd60 T A_MineExplode
0020d160 T A_MineRange
001fe318 T A_MinusCheck
001fdcf0 T A_MinusDigging
001fe170 T A_MinusPopup
00207730 T A_MissileSplit
00200900 T A_MixUp
002108b0 T A_ModuloToState
001f9cf8 T A_MonitorPop
001fe828 T A_MouseThink
00205d90 T A_MoveAbsolute
00205d20 T A_MoveRelative
00207770 T A_MultiShot
0020d5a8 T A_MultiShotDist
0020aca8 T A_NapalmScatter
00200570 T A_OldRingExplode
00206e60 T A_OrbitNights
001fd3f8 T A_OverlayThink
001f99b0 T A_Pain
0020d828 T A_ParentTriesToSleep
002051b0 T A_PlayActiveSound
00205190 T A_PlayAttackSound
00205150 T A_PlaySeeSound
00205738 T A_PlaySound
001f3ce8 T A_PointyThink
0020e3c0 T A_PrepareRepeat
00210ee8 T A_PterabyteHover
002073e0 T A_PushAway
00206968 T A_RandomState
002069b8 T A_RandomStateRange
00201378 T A_RecyclePowers
00208980 T A_RelayCustomValue
00206bb8 T A_RemoteAction
00208ff8 T A_RemoteDamage
00208ef0 T A_Repeat
001fb238 T A_RingBox
002074f0 T A_RingDrain
002003f8 T A_RingExplode
001ff6d8 T A_RockSpawn
00205618 T A_RollAngle
002110f8 T A_RolloutRock
00210fc0 T A_RolloutSpawn
001ff0b0 T A_RotateSpikeBall
00210490 T A_SaloonDoorSpawn
001fb6c0 T A_ScoreRise
001f9948 T A_Scream
00207f70 T A_SearchForPlayers
00208758 T A_SetCustomValue
001ffa70 T A_SetFuse
00206080 T A_SetObjectFlags
00206140 T A_SetObjectFlags2
002071f8 T A_SetObjectState
00207260 T A_SetObjectTypeState
00205b70 T A_SetRandomTics
002044b8 T A_SetReactionTime
00208f48 T A_SetScale
001fb098 T A_SetShadowScale
001fcb08 T A_SetSolidSteam
00205fd8 T A_SetTargetsTarget
00205b40 T A_SetTics
00205ce0 T A_SetTranslation
001fb0a8 T A_ShadowScream
001f4be0 T A_SharpChase
001f4ec0 T A_SharpDecel
001f4d88 T A_SharpSpin
00204e70 T A_Shockwave
001fdbe0 T A_ShootBullet
001fce30 T A_SignPlayer
001fcbc0 T A_SignSpin
001f6810 T A_SkimChase
001f8d60 T A_SkullAttack
001ff890 T A_SlingAppear
002051d0 T A_SmokeTrailer
001f4870 T A_SnailerThink
0020ff38 T A_SnapperSpawn
002100b0 T A_SnapperThinker
002036a0 T A_SparkFollow
0020af18 T A_SpawnFreshCopy
00205340 T A_SpawnObjectAbsolute
002053e0 T A_SpawnObjectRelative
0020d440 T A_SpawnParticleRelative
00210ce0 T A_SpawnPterabytes
00208dc0 T A_SpikeRetract
00207550 T A_SplitShot
002069f8 T A_StateRangeByAngle
00206a70 T A_StateRangeByParameter
001f3850 T A_StatueBurst
001f6ff0 T A_SuperFireShot
001fb3b0 T A_SuperSneakers
00203538 T A_SuperTurretFire
001fc530 T A_ThrownRing
00205df8 T A_Thrust
0020f528 T A_TNTExplode
00206e08 T A_ToggleFlameJet
0020f7c8 T A_TrainCameo
0020faf0 T A_TrainCameo2
002093f0 T A_TrapShot
00203420 T A_TurretFire
00203650 T A_TurretStop
001ff278 T A_UnidusBall
001fcba8 T A_UnsetSolidSteam
002088c0 T A_UseCusValMemo
002097e0 T A_VileAttack
00209bc0 T A_VileFire
00209ed8 T A_VileTarget
001f5e78 T A_VultureBlast
001f5af0 T A_VultureCheck
001f6090 T A_VultureFly
001f5b50 T A_VultureHover
001f59a0 T A_VultureVtol
0020d688 T A_WhoCaresIfYourSonIsABee
00205ec0 T A_ZThrust
001412c0 T abort
0012d190 T abs
00141f70 T access
004db8f0 b ackpak
00466a80 B actioncachehead
00365780 D actionpointers
0045bb40 B activeMenuId
0042be9e b activettscale
004c78fc b actualdigmusicvolume
004c78f8 b actualmidimusicvolume
004c7900 b actualsfxvolume
0028a890 t Add_ColormapFader.constprop.0
00288998 t Add_Pusher
002892e0 t Add_Scroller
0034d848 t AddArg
00147e30 T AddDmacHandler
004324a0 B addedtogame
00144040 T AddIntcHandler
00148a80 T AddIntcHandler2
0034d488 T AddLuaFileToSendQueue
00324b90 t AddLumpToCache
0034d168 T AddMServCommands
00426ff0 b addonsdir
004e63f8 B addontypes
0034d3f0 T AddRamToSendQueue
0030b4c0 t AddTextureToCache
0043e370 b addy
004caa24 B adminpasscount
004caa28 B adminpassmd5
004e40d0 B adminplayers
00427400 B advancedemo
003cc338 d advancemap_cons_t
00476864 B aimingangle
0000e895 W alarm.c.28a3909a
00148e78 T AlarmHandler
00433a54 b alias_skips.4
004145d0 r align.1
004201e4 b alloced.0
0034d208 T AllocFileNeeded
004c5428 b allWhiteRemap
004265dd B altdown
00189660 t AM_activateNewScale
00189738 t AM_changeWindowLoc
00189a78 t AM_clipMline.constprop.0
0018b650 T AM_Drawer
004333e0 b AM_drawFline
0018a1f0 t AM_drawFline_soft
0018a358 t AM_drawLineCharacter.constprop.0
001899c8 t AM_minOutWindowScale
0043345c B am_recalc
0018ad50 T AM_Responder
00189930 t AM_rotate
00189840 t AM_setWindowPanning
0018a568 T AM_Start
0018a550 T AM_Stop
00367924 d am_stopped
0018b330 T AM_Ticker
00367713 D ammoremovaltics
0017b818 t Analog_OnChange
0017b7a8 t Analog2_OnChange
0045a820 b anceslevel
002c5608 t AngleAdj
002c5870 T AngleFixed
0040ea98 r angleturn
00443bf8 b animatetic.0
00467828 b animdefs
00467830 b anims
0042bf58 b animtimer
003b3758 d antisplice.0
0036fad8 d apng_delay_t
00433a80 B aquamap
002696d8 t ArchiveSide
004176a8 b args
004177ec b args_start
004e62c4 B astate
002cb330 T ASTBlendPaletteIndexes
002c9390 T ASTBlendPixel
003b28d0 D ASTTextureBlendingThreshold
0011c2e0 T atof
0011c2e8 T atoi
0042c7ca B autobalance
0033f1c0 t AutoBalance_OnChange
0017b868 t AutoBrake_OnChange
0017b870 t AutoBrake2_OnChange
0043345d B automapactive
00444434 b autoring
004c56b8 B averageFPS
001ea2c8 T axtoi
00433a78 B azuremap
0032a588 T B_BuildTiccmd
0032a3b0 T B_CheckRespawn
0032b668 T B_HandleFlightIndicator
0032a038 T B_KeysToTiccmd
0032a3a0 T B_MoveBlocked
0032b468 T B_RespawnBot
00329f18 T B_UpdateBotleader
00367a50 d backcolor_cons_t
00414160 r backgrounds
00367b30 d backpic_cons_t
004682b0 B backsector
0033ba30 T Ban_Add
0033b9b0 t Ban_Clear
0033bae8 T Ban_Load_File
004e14b0 B bannednode
004db05a b bans_loaded
0045ebb8 b barrel
003cfc10 r basefix.0
003cf688 r basefix.0
003cc768 d basenumlaps_cons_t
003425a8 t BaseNumLaps_OnChange
00333108 t BeginDownload
0045ec94 b bestslidefrac
0045ec90 b bestslideline
00443004 B bflagico
0042d8a4 B bflagpoint
00443c80 b bgpatch
00459828 b bgscrollx.16
00443c7c b bgtile
0043345f b bigstate
00363a78 D bindDiskReady
00363a7c D bindInit
00363a64 D bindNCmd
00363a6c D bindSCmd
00363a74 D bindSearchFile
00433aa8 b bindtable
003cf830 r blanks.1
003cfdb8 r blanks.1
003cf3e8 r blanks.1
003cead8 r blanks.1
0046b8b8 b blendpal
00413db8 r BlendTab_Count
00413d98 r BlendTab_FromStyle
0046b7f0 b blendtab_lazy
002cc288 t BlendTab_Modulative.part.0
002cbf88 t BlendTab_Subtractive
002cc140 t BlendTab_Translucent
0046c838 B blendtables
0045eca8 B blockingline
00467794 B blocklinks
004677a4 B blockmap
004677a0 B blockmaplump
00467568 B bluectfstarts
0042d8ac B blueflag
00433a98 B bluemap
0042c7f8 B bluescore
004443d8 b bluestat
00466a94 b bmap_freelist
004677a8 B bmapheight
0046779c B bmaporgx
00467798 B bmaporgy
004677ac B bmapwidth
00442ffc B bmatcico
0045ec80 b bombdamage
0045ec75 b bombdamagetype
00444410 b bombshield
0045ec74 b bombsightcheck
0045ec7c b bombsource
0045ec78 b bombspot
00367d70 D bonuses_list
00414188 r bonuspatches
0042df6c B bootmap
00427450 B bootmapchanged
004677b4 B bossdisabled
00432538 B botcolor
004682a2 B bothceilingssky
004682a1 B bothfloorssky
0043253b B botingame
0043253a B botskin
00488ffc b bottomfrac
00488ff8 b bottomstep
004890c8 b bottomtexture
0044443c b bouncering
00433a74 B brownmap
004e6040 b bs.2
00444400 b bubbleshield
004e3eb0 b buf.0
003cbeec d buf_p.1
00415380 b buffer
004e4539 b busy.5
004443d4 b byelstat
00443014 b c_input
00443010 b c_selection
002ebf98 t CalcSlopePlaneVectors
002c1c98 t CalculateNormalDir
002358b8 t CalculatePrecipFloor
00363a70 D callbackSemaId
004200ac B callbackThreadId
00420088 B callbackThreadParam
0011c308 T calloc
003660b0 d callpagenum
003660ac d callplayer
003660b4 d callpromptnum
004679b8 B camera
00467970 B camera2
0045ebd4 b camerascanned.0
0045ebd5 b camerascanned2.1
003a2718 d campos_cons_t
00467968 b camsideshift.1
0042c3c0 b camtoggledelay
0042c3bc b camtoggledelay2
00346d28 T CanChangeSkin
004265dc B capslock
004442f8 b capsulebar
004442f4 b capsulefill
003213f8 t Captioning_OnChange
00417688 b cb_queue
00417600 b cb_rpc_buffer.0
00417640 b cb_srv
004200ec B cbSema
004ca9ec b cbuf
00413e58 r cc.0
004175a0 b cd0
004200e8 B CdCallbackNum
0041f540 B CdConfigRdWrNumBlocks
004200f0 B CdDebug
0035bb30 D cdfs_irx
0041ffc0 B cdInitRecvBuff
004200e0 B CdThreadId
004200b0 B CdThreadParam
00367c98 d cechoduration
00442b68 b cechoflags
00442b70 b cechotext
00442b6c b cechotimer
0047ad88 B ceilingclip
0045ecac B ceilingline
004882b4 B ceilingplane
00366a58 d centertoggle_cons_t
0042c3a0 b centerviewhold.3
00476894 B centerx
0047688c B centerxfrac
00476890 B centery
00476888 B centeryfrac
004e4f80 b chain
003cd630 d chances_cons_t
00147138 t change_addr
00148ab0 T ChangeGP
001440a0 T ChangeThreadPriority
004c796c b channels
0045bdac b char_notes
0036f890 D char_on
0045bcb8 b char_scroll
0045bcbc b charseltimer
002e0c80 t ChaseCam_OnChange
002e0cc0 t ChaseCam2_OnChange
00196088 t Chat_DeleteSelection
0043eb90 b chat_log
00442b50 b chat_maxscroll
0043e398 b chat_mini
00442b60 b chat_nummsg_log
00442b5c b chat_nummsg_min
004430f9 B chat_on
004430f8 B chat_on_first_event
00442b58 b chat_scroll
0043e372 b chat_scrollmedown
00442b54 b chat_scrolltime
0043e378 b chat_timers
003671a8 d chatcursor_cons_t
00367568 d chatheight_cons_t
00367348 d chatopacity_cons_t
00367378 d chatsnapx_cons_t
00367360 d chatsnapy_cons_t
00367608 d chattime_cons_t
003675b8 d chatwidth_cons_t
003673a8 d chatx_cons_t
00367390 d chaty_cons_t
00142238 T chdir
00368290 d cheat_ultimate
00368278 d cheat_ultimate_joy
00368260 d cheat_warp
00368248 d cheat_warp_joy
00444570 b cheat_xlate_table
001bacd8 t cheatf_ultimate
001bb068 t cheatf_warp
0045bc78 b check_on
002609c0 t CheckAddNetColormapToList
003b2810 D checkcoord
0034d718 T checkfilemd5
0042c7ed B CheckForBouncySector
0042c7ee B CheckForBustableBlocks
0042c7ea B CheckForFloatBob
0042c7eb B CheckForMarioBlocks
0042c7ec B CheckForQuicksand
0042c7e9 B CheckForReverseGravity
002ffab0 t CheckFrame
0045a7a4 b checklist_cangodown
00324950 t CheckLumpInCache
004e40c0 b chmappending
003cd76c D chosenrendermode
001bac18 t cht_CheckCheat
001bb0f0 T cht_Init
001bb168 T cht_Responder
004e4150 B circuitmap
0034d3a8 T CL_AbortDownloadResume
0032e6e8 T CL_AddSplitscreenPlayer
0034d3c8 T CL_CheckAddonTypes
0034d3a0 T CL_CheckDownloadable
0034d3b8 T CL_CheckFiles
0032e5e8 T CL_ClearPlayer
00333548 T CL_ConnectToServer
0033aac8 T CL_CopyNetCommandsFromServerPacket
003325b8 t CL_DrawServerInfo
0032ed20 T CL_HandleTimeout
004d1b2e b cl_lastcheckedfilecount
0033b2b0 T CL_LoadReceivedSavegame
0034d3e0 T CL_LoadServerFiles
004d1b30 B cl_mode
004dab40 B cl_packetmissed
0034d3e8 T CL_PrepareDownloadLuaFile
0034d2f8 T CL_PrepareDownloadSaveGame
004db058 B cl_redownloadinggamestate
0033b5a0 T CL_ReloadReceivedSavegame
0032e668 T CL_RemovePlayer
0032d720 t CL_RemovePlayer.part.0
0032e710 T CL_RemoveSplitscreenPlayer
0032eba8 T CL_Reset
00339488 T CL_SendClientCmd
0034d3b0 T CL_SendFileRequest
00333290 T CL_SendJoin
0033ab98 T CL_SendNetCommands
00333420 T CL_UpdateServerList
001230e0 t cleanup_stdio
00345bf0 T CleanupPlayerName
0014fb38 T clear_conditionsets
0014fa30 T clear_emblems
0034a470 t clear_fb
0014fb80 T clear_levels
0014fac0 T clear_unlockables
00348128 T ClearAdminPlayers
00420c00 b client_table
00420140 B clientDiskReady
004596f0 B clientGamedata
00420180 B clientInit
0041fe00 B clientSCmd
00420100 B clientSearchFile
0047683c B clipangle
004e4540 b clipboard
004e4430 b clipboard_modified.1
0048b3e0 b clippedvissprites
003a2228 d clipping_cons_t
0012ce80 T close
004c7908 B closedcaptions
0012c940 T closedir
0034d4b0 T CloseNetFile
004e4b80 b clut
0014a608 t cmp_strlen_desc
004c57ec B colfunc
004c57c0 B colfuncs
0046bcb8 B Color_cons_t
00365508 D COLOR_ENUMS
003469a0 t Color_OnChange
00346278 t Color2_OnChange
00459a09 b colorgrid
0046b2d8 B colormaps
004c53ec b columnDrawer.1
0018e970 t COM_Add_f
0018f808 T COM_AddCommand
00433620 b com_alias
0018e028 t COM_Alias_f
0018de70 t COM_Alias_f.part.0
00433600 b com_argc
0018f5f0 T COM_Argc
004334b8 b com_args
004334c0 b com_argv
0018f600 T COM_Argv
0018fd48 T COM_BufAddTextEx
00190ee0 T COM_BufExecute
00190110 T COM_BufInsertTextEx
00191128 T COM_BufTicker
0018d5f8 t COM_CEcho_f
0018de28 t COM_CEchoDuration_f
0018d578 t COM_CEchoFlags_f
0018f648 T COM_CheckParm
0018f6f0 T COM_CheckPartialParm
00433604 b com_commands
0018fba8 T COM_CompleteAlias
0018fab8 T COM_CompleteCommand
0018da90 t COM_CONSLogicC_f
0018c330 t COM_Echo_f
0018ffb0 t COM_Exec_f
0018fe68 T COM_ExecFile
00190238 t COM_ExecuteString.part.0
0018db08 t COM_Find_f
0018f7b0 T COM_FirstOption
00433608 b com_flags
0018ebb8 t COM_Help_f
00191150 T COM_ImmedExecute
0018f940 T COM_Init
0034cdb0 T COM_Lua_f
00433a5c b com_skips.6
00433610 b com_text
0018e838 t COM_Toggle_f
00433638 b com_token
0018c040 t COM_TokenizeString
00433624 b com_wait
0018ddd0 t COM_Wait_f
0014a5f8 t Command_assert
0033c0c8 T Command_Ban
0033c358 T Command_BanIP
001e8e00 T Command_ChangeConfig_f
0033f1d8 t Command_Changepassword_f
001bb980 T Command_Charability_f
001bbae0 T Command_Charspeed_f
001bb370 T Command_CheatGod_f
001bb280 T Command_CheatNoClip_f
001bb460 T Command_CheatNoTarget_f
00343a08 t Command_Cheats_f
0033c090 T Command_ClearBans
00343dd0 t Command_Clearpassword_f
0033f1e8 t Command_Clearscores_f
0033c7b8 T Command_connect
0029aeb8 T Command_CountMobjs_f
00197a08 t Command_CSay_f
001bcf08 T Command_Devmode_f
0033f2b8 t Command_Displayplayer_f
0034d550 T Command_Downloads_f
0033d500 T Command_Drop
0033d718 T Command_Droprate
003422e8 T Command_ExitGame_f
0033fbe0 t Command_ExitLevel_f
0033f2d0 t Command_Freeslots_f
001bcdb8 T Command_Getallemeralds_f
0033ca38 T Command_GetPlayerNum
001bb6b0 T Command_Gravflip_f
001bb778 T Command_Hurtme_f
003426d8 t Command_Isgamemodified_f
001bb880 T Command_JumpToAxis_f
0033c550 T Command_Kick
0032cd50 t Command_list_http_logins
001e8c48 T Command_LoadConfig_f
00343de0 t Command_Login_f
001d6fc8 t Command_Manual_f
00347868 t Command_Map_f
00342f68 t Command_Mapmd5_f
00161130 t Command_Memdump_f
00162528 t Command_Memfree_f
00341a18 t Command_MotD_f
00340548 t Command_MutePlayer_f
0033cb20 T Command_Nodes
0029acc0 T Command_Numthinkers_f
001bdf90 T Command_ObjectPlace_f
0033f988 t Command_Pause
0033ee30 T Command_Ping_f
00343258 t Command_Playdemo_f
00341e88 t Command_Playintro_f
003505a8 t Command_Ps2Mem_f
0033f900 t Command_Quit_f
0033c548 T Command_ReloadBan
003401f0 t Command_RemoveAdmin_f
0033b6f0 T Command_ResendGamestate
00341e60 t Command_ResetCamera_f
001bce70 T Command_Resetemeralds_f
00322b58 t Command_RestartAudio_f
003433b8 T Command_Retry_f
001bbda8 T Command_RTeleport_f
0033fac8 t Command_RunSOC
001bcc98 T Command_Savecheckpoint_f
001e9368 T Command_SaveConfig_f
00197b90 t Command_Say_f
00197a90 t Command_Sayteam_f
00197b08 t Command_Sayto_f
001bb550 T Command_Scale_f
00340938 t Command_ServerTeamChange_f
0032cda8 t Command_set_http_login
001bd330 T Command_Setcontinues_f
001894e0 T Command_Setcontrol_f
00189530 T Command_Setcontrol2_f
001bd1a8 T Command_Setlives_f
001bcfe8 T Command_Setrings_f
0033bee0 T Command_ShowBan
00342728 t Command_ShowGametype_f
00343018 t Command_Showmap_f
003425f8 t Command_ShowScores_f
00343d38 t Command_ShowTime_f
001bc9d0 T Command_Skynum_f
00341e58 t Command_StartMovie_f
00341ea8 t Command_Stopdemo_f
00341e50 t Command_StopMovie_f
00342ea8 t Command_Suicide
00340550 t Command_Teamchange_f
00341ed0 t Command_Teamchange2_f
001bc130 T Command_Teleport_f
003430e8 t Command_Timedemo_f
001bcbd8 T Command_Toggletwod_f
00323a88 t Command_Tunes_f
00340540 t Command_UnmutePlayer_f
003402c8 t Command_Verify_f
0033f910 t Command_Version_f
001bcad8 T Command_Weather_f
001bdec0 T Command_Writethings_f
0000d851 W common.c.5eef3731
0036ff90 D commoncounter_rows
003652ec D compbranch
003652e4 D compdate
003cd670 d competitionboxes_cons_t
004177f0 b completed.2
003679c0 d completioncmd.8
003652e8 D comprevision
003652e0 D comptime
00434238 b con_buffer
00191e58 t CON_ChangeHeight
001937e0 T CON_ClearHUD
0043e2c4 b con_curlines
0043e264 b con_cx
0043e260 b con_cy
0043e2c8 B con_destlines
00193b70 T CON_Drawer
00367c70 d con_forcepic
0043e2c0 b con_hudlines
0043e270 b con_hudtime
00192dc8 T CON_Init
00192ad8 t CON_InputAddChar.part.0
00192030 t CON_InputClear
001929d8 t CON_InputDelChar.part.0
001928d0 t CON_InputDelSelection
00192098 t CON_InputSetString
0043e268 b con_line
00191dc8 t CON_Linefeed
00193a40 T CON_LogMessage
0043e2d8 B con_mutex
00192120 t CON_Print
001938d0 T CON_Ready
0043e2d4 B con_recalc
001924f8 t CON_RecalcSize
0043e2d5 B con_refresh
00194cd0 T CON_Responder
0043e250 B con_scalefactor
0043e254 b con_scrollup
00192d98 T CON_SetupBackColormap
00192bc8 T CON_SetupBackColormapEx
0043e2d7 b con_started
00193798 T CON_StartRefresh
0043e2d6 B con_startup
001937c0 T CON_StopRefresh
0043e2d0 b con_tick
00193910 T CON_Ticker
00193830 T CON_ToggleOff
0043e25c b con_totallines
0043e258 b con_width
004592e8 B conditionSets
0045c5d8 B configfile
001463c0 T configGetTimezoneWithIODriver
00146370 T configGetTvScreenTypeWithIODriver
00146448 T configIsDaylightSavingEnabledWithIODriver
0034bc48 t ConfigurePort
003cbee8 D connectiontimeout
003b42a0 d cons_1upsound_t
001959a8 T CONS_Alert
00367a18 D cons_backcolor
00192d88 t CONS_backcolor_Change
00367af8 d cons_backpic
00195af8 t CONS_Bind_f
00191fb0 t CONS_Clear_f
00195d78 T CONS_Debug
00367b48 d cons_height
00191f40 t CONS_height_Change
00367bd0 d cons_hudlines
00194c58 t CONS_hudlines_Change
00367c20 d cons_hudtime
003b41a8 d cons_musicpref_t
00194b40 T CONS_Printf
00367b80 d cons_speed
004caa30 B consistancy
00330bc0 T Consistancy
00433a68 B consolebgmap
003673f8 d consolechat_cons_t
0042df9c B consoleplayer
0043e2cc b consoleready
0043e2cd b consoletoggle
003b3a50 d constextsize_cons_t
00433a3c b consvar_number_of_netids
00433a38 b consvar_old_demo_vars
00433a40 b consvar_vars
004279c8 b cont_spr2
004279c0 b contcolormaps
004279b8 b contColors
0042bf5c b continuetime
0036e678 d contlimit_cons_t
004279b0 b contOverrides
00459a04 b controltochange
004599e0 b controltochangetext
004279e0 b contskins
00149dd0 T convertfrombcd
00413f88 r cookedpic_marker
003cc390 d cooplives_cons_t
00342bb0 t CoopLives_OnChange
003cc3f0 d coopstarposts_cons_t
003429f8 t CoopStarposts_OnChange
00146f14 T Copy
00278930 t CorruptMapError
001167f8 T cos
00467a0c b couldteeter
004e8de4 b count.0
004e8e08 b count.7
0030b598 t count_range
0042c7d4 B countdown
0042c7d0 B countdown2
0042df4c B countdowntimer
0042df49 B countdowntimeup
004e4530 b counter.3
004e8e00 b countmax.4
003cdd80 d countmin.5
004e8df8 b countsum.3
00146780 T cpu_ticks
002de2b8 t CreateInterpolator
001440f0 T CreateSema
00144060 T CreateThread
004436a8 B cred_font
0040e688 r credits
004279e8 b credits_height
0040e620 r credits_pics
0042c7e4 B creditscutscene
00127e68 t critical_factorization
0040f550 r cross_mark
00442f78 b crosshair
003676e8 d crosshair_cons_t
00003bcc W crt0.c.7192d9f1
00414cb8 r CSWTCH.138
0040e608 r CSWTCH.1490
0040e5c0 r CSWTCH.1503
00413d58 r CSWTCH.1732
00413d38 r CSWTCH.1754
00414150 r CSWTCH.26
0040fe30 r CSWTCH.2624
00414120 r CSWTCH.27
0040fe20 r CSWTCH.2821
004144b0 r CSWTCH.343
0040f8a8 r CSWTCH.354
00413e08 r CSWTCH.359
004144a0 r CSWTCH.364
004145c0 r CSWTCH.45
0040ff98 r CSWTCH.645
0040f730 r CSWTCH.723
0040f6e0 r CSWTCH.724
004265de B ctrldown
004c7838 B Cubeapply
004c7840 B Cubepal
0042bf2c B curbgcolor
0042bf21 B curbghide
0042bf38 B curbgname
0042bf1c b curbgx
0042bf28 B curbgxspeed
0042bf18 b curbgy
0042bf24 B curbgyspeed
0042bf14 b curDemo
004682ac B curdrawsegs
0042bf30 B curfadevalue
0042bef8 B curhidepics
004e62d0 B curl_logins
0034d560 T CURLAbortFile
0034d568 T CURLGetLogin
004682c0 B curline
0034d558 T CURLPrepareFile
0045a7a0 b curplaying
00368310 D currentMenu
004882b0 b currentplane
004678d0 b currentthinker
004324e4 B cursaveslot
00488fcc b curtexturecolumntable
0042bede B curttloop
0042bef4 B curttmode
0042bee8 B curttname
0042bef1 B curttscale
0042bedc B curtttics
0042bee2 B curttx
0042bee0 B curtty
00444444 b curweapon
004324e8 B curWeather
004c5418 b customtranslations
00432508 B customversionstring
004279a4 b cutnum
00427a4c b cutscene_baseptr
00427e50 b cutscene_basetext
00427a3c b cutscene_boostspeed
00427a50 b cutscene_disptext
00427a44 b cutscene_textcount
00427a40 b cutscene_textspeed
00427a48 b cutscene_writeptr
00427983 b cutsceneover
0042dd48 B cutscenes
003ccc68 D cv_1up
003b4268 D cv_1upsound
00191bc0 T CV_AddValue
0018e0b8 t CV_AddValue.part.0
003cc300 D cv_advancemap
003cc650 D cv_allowexitlevel
003b3280 D cv_allowmlook
003cbe78 D cv_allownewplayer
003cd3a0 D cv_allowseenames
003cd500 D cv_allowteamchange
00366fb0 D cv_alwaysfreelook
00366f40 D cv_alwaysfreelook2
00366df8 D cv_analog
0036f8e0 D cv_apng_delay
0036f8a8 D cv_apng_downscale
003cca90 D cv_autobalance
00366cd0 D cv_autobrake
00366c98 D cv_autobrake2
0036e850 d cv_autorecord
003cc730 D cv_basenumlaps
003b3c00 D cv_bgamma
003b3d50 D cv_bhue
003cbc90 D cv_blamecfail
003a1f70 d CV_BobSpeed
003ccca0 D cv_bombshield
003b3ab0 D cv_bsaturation
003a24b0 D cv_cam_adjust
003669f0 D cv_cam_centertoggle
003a21f0 D cv_cam_clipping
003a26e0 D cv_cam_dist
003a2180 D cv_cam_exact
003a2558 D cv_cam_gamepadxsensitivity
003a2520 D cv_cam_gamepadysensitivity
003a26a8 D cv_cam_height
00366970 D cv_cam_lockedinput
003668d8 D cv_cam_lockonboss
003a24e8 D cv_cam_orbit
003a2600 D cv_cam_rotate
003a25c8 D cv_cam_rotspeed
003a2078 D cv_cam_savedist
003a1fa8 D cv_cam_saveheight
00366c18 D cv_cam_shiftfacing
003a2638 D cv_cam_speed
003a2670 D cv_cam_still
00366bb0 D cv_cam_turnfacing
00366b48 D cv_cam_turnfacingability
00366a78 D cv_cam_turnfacinginput
00366ae0 D cv_cam_turnfacingspindash
003a2590 D cv_cam_turnmultiplier
003a2248 D cv_cam2_adjust
003a21b8 D cv_cam2_clipping
003a2478 D cv_cam2_dist
003a2148 D cv_cam2_exact
003a22f0 D cv_cam2_gamepadxsensitivity
003a22b8 D cv_cam2_gamepadysensitivity
003a2440 D cv_cam2_height
003a2280 D cv_cam2_orbit
003a2398 D cv_cam2_rotate
003a2360 D cv_cam2_rotspeed
003a23d0 D cv_cam2_speed
003a2408 D cv_cam2_still
003a2328 D cv_cam2_turnmultiplier
003a2760 d CV_CamRotate
0029d050 t CV_CamRotate_OnChange
0029d0e8 t CV_CamRotate2_OnChange
003a2790 d CV_CamSpeed
003b3c38 D cv_cgamma
003b3408 D cv_chasecam
003b33d0 D cv_chasecam2
00366f08 D cv_chasefreelook
00366ed0 D cv_chasefreelook2
003671c0 D cv_chat_clearonexit
003671f8 D cv_chat_showlimit
00367418 D cv_chatbacktint
00367170 D cv_chatcursor
00367530 D cv_chatheight
003674f8 D cv_chatnotifications
00367230 D cv_chatopacity
003672a0 D cv_chatsnapx
00367268 D cv_chatsnapy
00367450 D cv_chatspamburst
003674c0 D cv_chatspamprotection
00367488 D cv_chatspamspeed
003675d0 D cv_chattime
00367580 D cv_chatwidth
00367310 D cv_chatx
003672d8 D cv_chaty
00191958 T CV_CheatsEnabled
0036e968 D cv_chooseskin
003b3d88 D cv_chue
00191c10 T CV_ClearChangedFlags
003b4398 D cv_closedcaptioning
00367620 D cv_compactscoreboard
003cd438 D cv_competitionboxes
00191628 T CV_CompleteVar
003673c0 D cv_consolechat
003b3a18 D cv_constextsize
003184f0 t CV_constextsize_OnChange
003677d0 D cv_controlperkey
003cc358 D cv_cooplives
003cc3b8 D cv_coopstarposts
003ccb38 D cv_countdowntime
003670c8 D cv_crosshair
00367058 D cv_crosshair_invert
00367090 D cv_crosshair2
00367020 D cv_crosshair2_invert
003b3ae8 D cv_csaturation
003cbf58 D cv_cvarinformation
003666e0 D cv_deadzone
003664b0 D cv_deadzone2
004e4428 B cv_debug
003cbc08 D cv_dedicatedidletime
003cd218 D cv_defaultplayercolor
003cd1e0 D cv_defaultplayercolor2
003cd1a8 D cv_defaultskin
003cd170 D cv_defaultskin2
003666a8 D cv_digitaldeadzone
00366478 D cv_digitaldeadzone2
003b4408 D cv_digmusicvolume
00366d08 D cv_directionchar
003cc688 D cv_downloading
003cd7d0 D cv_downloadspeed
003b3168 D cv_drawdist
003b3130 D cv_drawdist_nights
003b30f8 D cv_drawdist_precip
003cd570 d cv_dummyconsvar
0036e508 d cv_dummycontinues
0036e428 D cv_dummycutscenes
0036e540 d cv_dummylives
0036e3f0 D cv_dummyloadless
0036e460 D cv_dummymarathon
0036e4d0 d cv_dummymares
0036e578 d cv_dummyrings
0036e5b0 d cv_dummyscramble
0036e5e8 d cv_dummyteam
003ccc30 D cv_eggmanbox
0018eb18 t CV_EnforceExecVersion
00367928 D cv_execversion
003cc260 D cv_exitmove
003b2f00 D cv_ffloorclip
00366750 D cv_fireaxis
00366520 D cv_fireaxis2
00366718 D cv_firenaxis
003664e8 D cv_firenaxis2
003a1e60 D cv_flagtime
003b2e58 D cv_flashes
003b3360 D cv_flipcam
003b3328 D cv_flipcam2
003cccd8 D cv_forceshield
003cc6c0 D cv_forceskin
003b30c0 D cv_fov
003b3088 D cv_fovchange
003b28e0 D cv_fpscap
003cc028 D cv_freedemocamera
003cc9e8 D cv_friendlyfire
003b3760 D cv_fullscreen
003b4230 D cv_gamedigimusic
003b41f8 D cv_gamemidimusic
003b41c0 D cv_gamesounds
003cbac0 D cv_gentlemens
003b3c70 D cv_ggamma
0036e770 D cv_ghost_bestrings
0036e7e0 D cv_ghost_bestscore
0036e7a8 D cv_ghost_besttime
0036e700 D cv_ghost_guest
0036e738 D cv_ghost_last
003b3dc0 D cv_ghue
00368058 D cv_gif_downscale
00368020 D cv_gif_dynamicdelay
00367fe8 D cv_gif_localcolortable
00367fb0 D cv_gif_maxsize
00368090 D cv_gif_optimize
00367f78 D cv_gif_rolling
003cbff0 D cv_glallowshaders
003b3ed0 D cv_globalgamma
003b3e80 D cv_globalsaturation
003ccbc0 D cv_gravity
003b3b20 D cv_gsaturation
003cc6f8 D cv_hazardlog
003ccac8 D cv_hidetime
003b2e90 D cv_homremoval
003cbb48 D cv_httpsource
003cbbb8 D cv_idleaction
003cbb80 D cv_idletime
0018c3f0 t CV_Info
00191bd8 T CV_InitFilterVar
00367100 D cv_instantretry
003cc410 D cv_inttime
00366fe8 D cv_invertmouse
00366f78 D cv_invertmouse2
003ccdb8 D cv_invincibility
00191930 T CV_IsSetToDefault
003cc9b0 D cv_itemfinder
003a1eb0 D cv_itemrespawn
003a1ee8 D cv_itemrespawntime
003cbdd0 D cv_joindelay
003cc540 D cv_jointimeout
003cd020 D cv_joyscale
003ccfe8 D cv_joyscale2
003667c0 D cv_jumpaxis
00366590 D cv_jumpaxis2
003ccd80 D cv_jumpshield
003cc618 D cv_killingdead
001918b8 T CV_LoadDemoVars
00191898 T CV_LoadNetVars
001918a8 T CV_LoadOldDemoVars
0018d448 t CV_LoadVars
00366830 D cv_lookaxis
00366600 D cv_lookaxis2
003681b0 D cv_mapthingnum
003cdd08 D cv_masterserver
003cdbf0 D cv_masterserver_debug
003cdc60 D cv_masterserver_room_id
003cdd40 d cv_masterserver_room_values
003cdc28 D cv_masterserver_timeout
003cdbb8 D cv_masterserver_token
003cdc98 D cv_masterserver_update_rate
003ccf40 D cv_matchboxes
003cc508 D cv_maxping
003cbe28 D cv_maxplayers
003b3050 D cv_maxportals
003cd858 D cv_maxsend
003b3398 D cv_menubgcolor
003b39e0 D cv_menucaps
003b3920 D cv_menucolor
003b3bc8 D cv_mgamma
003b3d18 D cv_mhue
003b43d0 D cv_midimusicvolume
003cbaf8 D cv_mindelay
003ccf78 D cv_mouse2opt
003ccfb0 D cv_mouse2port
00366e98 D cv_mousemove
00366e60 D cv_mousemove2
003678b0 D cv_mousesens
00367878 D cv_mousesens2
00367840 D cv_mouseysens
00367808 D cv_mouseysens2
003668a0 D cv_moveaxis
00366670 D cv_moveaxis2
003a1f38 D cv_movebob
0036fc18 D cv_movie_folder
0036fc50 D cv_movie_option
0036fc88 D cv_moviemode
003b31d8 D cv_moviemodeinfo
003b3a78 D cv_msaturation
003b4170 D cv_musicpref
003cc1b8 D cv_mute
003cc5e0 D cv_netstat
003cbd20 D cv_netticbuffer
003cc590 D cv_nettimeout
0036e930 D cv_newgametype
0036f1a0 D cv_nextmap
003cd820 D cv_noticedownload
003b4360 D cv_numChannels
003cc788 D cv_numlaps
003679a8 D CV_OnOff
00368140 D cv_opflags
00368108 D cv_ophoopflags
003cc978 D cv_overtime
0031a5d0 t CV_palette_OnChange
003cc1f0 D cv_pause
00367138 D cv_pauseifunfocused
003cc110 D cv_perfstats
003cc4b8 D cv_pingtimeout
003cbc40 D cv_playbackspeed
003cd2f8 D cv_playercolor
003cd2c0 D cv_playercolor2
003cd368 D cv_playername
003cd330 D cv_playername2
003cc298 D cv_playersforexit
003b4138 D cv_playmusicifunfocused
003b4100 D cv_playsoundsifunfocused
003cc830 D cv_pointlimit
003cced0 D cv_powerstones
003cc888 D cv_powerupdisplay
003cc060 D cv_ps_descriptor
003cc0c0 D cv_ps_samplesize
003cce98 D cv_recycler
00191320 T CV_RegisterVar
003cbd78 D cv_rejointimeout
003b3798 D cv_renderer
003b37d0 D cv_renderer_t
003b2f70 D cv_renderfloors
003b36e8 D cv_renderhitbox
003b3678 D cv_renderhitboxgldepth
003b36b0 D cv_renderhitboxinterpolation
003b2f38 D cv_renderthings
003b2fe0 D cv_renderview
003b2fa8 D cv_renderwalls
001918c8 T CV_ResetCheatNetVars
003b42f0 D cv_resetmusic
003b42b8 D cv_resetmusicbyheader
003cd470 D cv_respawntime
003cd538 D cv_restrictskinchange
00366118 D cv_resyncdemo
003cbcc8 D cv_resynchattempts
00191810 T CV_RevertNetVars
003b3ce0 D cv_rgamma
003b3e30 D cv_rhue
003ccd10 D cv_ringshield
003ccbf8 D cv_ringslinger
003cc940 D cv_rollingdemos
003b3b90 D cv_rsaturation
003cc228 D cv_runscripts
003b44e8 D cv_samplerate
00191c38 T CV_SaveVariables
00191718 T CV_SaveVars
003b37e0 D cv_scr_depth
003b3888 D cv_scr_height
003b3818 D cv_scr_height_w
003b38c0 D cv_scr_width
003b3850 D cv_scr_width_w
003cca20 D cv_scrambleonchange
0036fce0 D cv_screenshot_colorprofile
0036fd18 D cv_screenshot_folder
0036fd50 D cv_screenshot_option
003b3018 D cv_secbright
003cd3d8 D cv_seenames
003cdcd0 D cv_servername
0036e8c0 D cv_serversort
00191ac8 T CV_Set
0018d6f8 t CV_SetCVar
00191ad0 T CV_SetValue
0018d990 t CV_SetValueMaybeStealth
003b32f0 D cv_shadow
003cbfb8 D cv_showaddoninfo
0036f1f0 D cv_showfocuslost
003b3248 D cv_showhud
003cd5e0 D cv_showinput
003cd5a8 D cv_showinputjoy
003cbeb0 D cv_showjoinaddress
003cc460 D cv_showping
00366868 D cv_sideaxis
00366638 D cv_sideaxis2
003cd288 D cv_skin
003cd250 D cv_skin2
003cd138 D cv_skipmapcheck
003b32b8 D cv_skybox
003cc180 D cv_sleep
003ccb88 D cv_soundtest
003b4440 D cv_soundvolume
003ccf08 D cv_specialrings
00368178 D cv_speed
00366788 D cv_spinaxis
00366558 D cv_spinaxis2
003b2ec8 D cv_spriteclip
003cd4c8 D cv_startinglives
001919d0 T CV_StealthSet
001919d8 T CV_StealthSetValue
003cce28 D cv_superring
003ccdf0 D cv_supersneakers
003b3440 D cv_tailspickup
003cca58 D cv_teamscramble
003cce60 D cv_teleporters
003b3f20 D cv_ticrate
003cc7d8 D cv_timelimit
00367d20 D cv_timescale
003cc8e0 D cv_timetic
00191c00 T CV_ToggleExecVersion
003ccb00 D cv_touchtag
003b31a0 D cv_translucency
003b3210 D cv_translucenthud
00367960 D CV_TrueFalse
003667f8 D cv_turnaxis
003665c8 D cv_turnaxis2
0036e888 D cv_tutorialprompt
00367978 D CV_Unsigned
0029e0a0 T CV_UpdateCam2Dist
0029dfc8 T CV_UpdateCamDist
003cd090 D cv_usejoystick
003cd058 D cv_usejoystick2
003cd100 D cv_usemouse
003cd0c8 D cv_usemouse2
00366d90 D cv_useranalog
003cd738 D cv_vidwait
003ccd48 D cv_watershield
00366440 D cv_wipes
00367990 D CV_YesNo
003b3ca8 D cv_ygamma
003b3df8 D cv_yhue
003b3b58 D cv_ysaturation
0036fa68 D cv_zlib_level
0036f988 D cv_zlib_levela
0036faa0 D cv_zlib_memory
0036f9c0 D cv_zlib_memorya
0036fa30 D cv_zlib_strategy
0036f950 D cv_zlib_strategya
0036f9f8 D cv_zlib_window_bits
0036f918 D cv_zlib_window_bitsa
003cbf90 d cvarinfo_const_t
0014a640 t D_AddFile.constprop.0
0014c5d8 T D_AdvanceDemo
0033e9c8 T D_CheckNetGame
0014da10 T D_CheckPathAllowed
00338a20 T D_Clearticcmd
00330718 T D_ClientServerInit
0033f038 T D_CloseConnection
0033a2b0 T D_FreeTextcmd
00348178 T D_GameTypeChanged
0033a3b8 T D_GetExistingTextcmd
0033a440 T D_GetTextcmd
0014c898 T D_Home
0014d8e0 T D_IsPathAllowed
00347468 T D_MapChange
003311a0 T D_MD5PasswordPass
00330b70 T D_NumBots
00330b30 T D_NumNodes
00330b00 T D_NumPlayers
0034d2d0 T D_ParseFileneeded
0014a728 T D_PostEvent
0014a780 T D_ProcessEvents
0032e690 T D_QuitNetGame
0032cfa0 t D_QuitNetGame.part.0
003447e0 T D_RegisterClientCommands
00343fd8 T D_RegisterServerCommands
00338ac8 T D_ResetTiccmds
0033bca0 T D_SaveBan
003473e0 T D_SendPlayerConfig
00348050 T D_SetPassword
0014abd0 T D_SRB2Loop
0014c908 T D_SRB2Main
0014c5e8 T D_StartTitle
00338948 T D_UseLocalDelay
004c5424 b dashModeRemap
00443c88 b data
003ced58 r DAYS_IN_MONTH
00427430 b dbg_line
0046c860 B dc_colormap
0046c850 B dc_iscale
0046c828 B dc_lightlist
0046c820 B dc_maxlights
0046c824 B dc_numlights
0046c818 B dc_postlength
0046c848 B dc_source
0046c81c B dc_texheight
0046c84c B dc_texturemid
0046c82c B dc_translation
0046c830 B dc_transmap
0046c85c B dc_x
0046c854 B dc_yh
0046c858 B dc_yl
00420370 b dd_hash
00364138 d dd_loccnt
00467680 B deathmatchstarts
004e3ea0 B debugfile
004273fc B debugload
0033cee8 t DebugPrintpacket
003ce268 r dec64table
004265e0 B dedicated
004caa08 b dedicatedidle.1
004caa04 b dedicatedidletimeprev.0
00351dc0 d default_signal.0
003cfe68 r defaultTLB
0014df70 t DEH_LoadDehackedFile
0014f820 T DEH_LoadDehackedLump
0014f770 T DEH_LoadDehackedLumpPwad
00427454 B deh_loaded
0042742c b deh_num_warning
0014dba0 T deh_strlcpy
001610b0 T DEH_TableCheck
0014da80 T deh_warning
001467b8 T DelayThread
00146790 t DelayThreadWakeup_callback
00144100 T DeleteSema
00144070 T DeleteThread
00469ac8 b deltas
004265c0 b deltasecs.3
004265b8 b deltatics.2
0042c321 B demo_forwardmove_rng
0042c330 b demo_p
0042c322 B demo_start
0042c334 b demobuffer
0042bf10 b demoDelayLeft
00367738 D demoDelayTime
0042c328 b demoend
0042c338 B demofileoverride
0042c326 b demoflags
0042bf0c b demoIdleLeft
00367734 D demoIdleTime
0042c340 b demoname
0042c33d B demoplayback
0042c33e B demorecording
0042c380 B demostarttime
0036614c D demosynced
0042c32c b demotime_p
0042c324 B demoversion
0042bf50 b deplete
00104918 t deregister_tm_clones
0045bdb8 B description
00427416 B devparm
00410010 r diags
0045be20 b dig.0
00427401 B digital_disabled
001464c0 T DIntr
00366d70 d directionchar_cons_t
0017b200 t DirectionChar_OnChange
0017b1f8 t DirectionChar2_OnChange
004e8e18 b directory
004ca9f4 B direrror
00147c10 T DisableDmac
00146590 T DisableIntc
004324cd B disableSpeedAdjust
00420080 B diskReadyMode
0042df98 B displayplayer
0012d1a8 T div
003ce058 r DMA_ASR0
003ce030 r DMA_ASR1
003ce0d0 r DMA_CHCR.lto_priv.0
003ce0d0 r DMA_CHCR.lto_priv.2
003ce0f8 r DMA_MADR.lto_priv.0
003ce0f8 r DMA_MADR.lto_priv.1
003ce120 r DMA_QWC.lto_priv.0
003ce120 r DMA_QWC.lto_priv.2
003ce008 r DMA_SADR
003ce080 r DMA_SIZE
003ce0a8 r DMA_TADR.lto_priv.0
003ce0a8 r DMA_TADR.lto_priv.1
0000c2a0 W dmaCore.c.4f03a32f
0000c792 W dmaCore.c.56cfc515
0000c54a W dmaCore.c.d6ed6a82
0000c9f5 W dmaInit.c.13c392f1
0000ccf1 W dmaInit.c.d0c74e65
00104048 T dmaKit_chan_init
00103fe0 T dmaKit_init
004265c8 b doDisplay.5
004e3ea8 B doomcom
0046829c B doorclosed
00197680 t DoSayCommand
00476838 B doubleclipangle
003cd9b8 D downloaddir
004cc858 b downloadsize.0
003cd808 d downloadspeed_cons_t
00309e30 t draw_bbox_col
0030a038 t draw_bbox_row
0043345e b draw_grid
001ebe70 t draw_think_frame_stats
00332440 t DrawConnectionStatusBox
003b3608 d drawdist_cons_t
003b35c8 d drawdist_precip_cons_t
00332b60 t DrawFileProgress
004682a8 B drawsegs
0048b3f4 b drawsegs_xrange
0048b3ec b drawsegs_xrange_count
0048b3f0 b drawsegs_xrange_size
0048b3f8 b drawsegs_xranges
00444288 b drawstagetitle
0044430c b drillbar
00444300 b drillfill
0046c7ec B ds_bgofs
0046c808 B ds_colormap
0046c7e8 B ds_flatheight
0046c7ea B ds_flatwidth
0046c7e4 B ds_fog
0046c79c B ds_lightscale
004682a4 B ds_p
0046c7e6 B ds_powersoftwo
0046c7a0 B ds_slopelight
0046c7e5 B ds_solidcolor
0046c7e0 B ds_source
0046c7d0 B ds_su
0046c7c0 B ds_sv
0046c7b0 B ds_sz
0046c804 B ds_translation
0046c7dc B ds_transmap
0046c7f0 B ds_waterofs
0046c810 B ds_x1
0046c80c B ds_x2
0046c800 B ds_xfrac
0046c7f8 B ds_xstep
0046c814 B ds_y
0046c7fc B ds_yfrac
0046c7f4 B ds_ystep
004177f4 b dtor_idx.1
00342e68 t DummyConsvar_OnChange
0036e620 d dummymares_cons_t
001c6df8 t Dummymares_OnChange
0036e6c8 d dummyscramble_cons_t
0036e6e0 d dummyteam_cons_t
004e1498 b duppacket
004e1478 B duppercent
0045ebbc b dustdevil
001ee2b0 T DVector3_Add
001ee278 T DVector3_Copy
001ee268 T DVector3_Load
001ee380 T DVector3_Multiply
001ee318 T DVector3_Subtract
0045ed1c b earlyout
001bfcd8 T Easing_InOutSine
00365280 D eenull
001441f0 t eight
00146500 T EIntr
004e46a8 b elapsed_frames
00442f90 b emblemicon
00448ae8 B emblemlocations
00442f98 B emeraldpics
0042c850 B emeralds
0036773c D emeraldspawndelay
004e4698 b emptycmd
004e4688 b emptycmd2
00147b98 T EnableDmac
00146518 T EnableIntc
00427ed8 b endbgsp
00427ee8 b endbrdr
00427ed0 b endegrk
00427e80 b endescp
00427ec0 b endfwrk
00427ea8 b endglow
001440e0 T EndOfHeap
0045c2c4 b endPos
00427eb0 b endspkl
0014a4f0 T endswith
00367dd0 d endtic
00148348 W EndTimer
00427e98 b endxpld
00367ca0 D english_shiftxform
00345510 T EnsurePlayerNameIsGood
0045a814 b enterbubble
0045a824 b enterlevel
00443be8 b enterprecise
0045a810 b entertag
00443bdc b entertic
004c569c b entertic.2
004265d0 b entertic.8
0045a81a b entertype
0045a816 b enterwipe
00364140 D environ
0045eba0 b epicenter.0
00459a08 b erasecontext
0042036c B errno
004e4644 b errorcount
00216698 T EV_BounceSector
00211ec0 t EV_BounceSector.part.0
00215f58 T EV_CrumbleChain
001eef00 T EV_DoCeiling
002166b8 T EV_DoContinuousFall
001ef770 T EV_DoCrush
00215620 T EV_DoElevator
00214c20 T EV_DoFloor
0025ffb0 T EV_DoPolyDoor
00260078 T EV_DoPolyObjDisplace
00260558 T EV_DoPolyObjFade
00260358 T EV_DoPolyObjFlag
0025fac0 T EV_DoPolyObjMove
0025f898 T EV_DoPolyObjRotate
002601e8 T EV_DoPolyObjRotDisplace
0025fcf8 T EV_DoPolyObjWaypoint
002169a0 T EV_MarioBlock
002167a0 T EV_StartCrumble
004265e8 B eventhead
004265f0 B events
004265e4 B eventtail
00433632 b execversion_enabled
0011c458 T exit
00146e90 W Exit
0045a815 b exitbubble
0042df48 B exitfadestarted
0042c855 b exitgame
00442f88 b exiticon
0045a828 b exitlevel
00342d08 t ExitMove_OnChange
0045a812 b exittag
00148f20 T ExitThread
0045a81c b exittype
0045a818 b exitwipe
003389b8 T ExpandTics
0030e1c0 t ExpectToken
0045ebb4 b exploderadius
0045ebb0 b explodethrust
00444430 b explosionring
003cfde8 r extendTLB
0046cb28 B extra_colormaps
0033ad88 T ExtraDataTicker
00447e88 B extraemblems
0036771a D extralifetics
00170d28 t F_AdvanceToNextPage
0016ea90 T F_ContinueDrawer
0016f928 T F_ContinueResponder
0016f350 T F_ContinueTicker
00166750 T F_CreditDrawer
00166e38 T F_CreditResponder
00167098 T F_CreditTicker
0016fb00 T F_CutsceneDrawer
001701d0 T F_CutsceneResponder
0016fca0 T F_CutsceneTicker
001629d0 t F_DrawContinueCharacter
0016fa00 T F_EndCutScene
001684c0 T F_EndingDrawer
001682c0 T F_EndingTicker
001703f8 T F_EndTextPrompt
0016a370 T F_GameEndDrawer
0016a378 T F_GameEndTicker
001672d8 T F_GameEvaluationDrawer
00167c58 T F_GameEvaluationTicker
00162b00 t F_GetPageTextGeometry
00170280 T F_GetPromptHideHud
00170200 T F_GetPromptHideHudAll
001707d0 T F_GetPromptPageByNamedTag
00173380 T F_GetWipeLength
0043344c b f_h
0016a3a0 T F_InitMenuPresValues
001650f0 T F_IntroDrawer
001665b8 T F_IntroResponder
001660e0 T F_IntroTicker
00162d30 t F_LoadAlacroixGraphics
0016e418 T F_MenuPresTicker
004333f0 b f_oldloc
00164af8 t F_PreparePageText
001726a8 T F_RunWipe
001725c8 T F_ShouldColormapFade
0016a540 T F_SkyScroll
001648f8 t F_SkyScroll.part.0
0016e6e8 T F_StartContinue
00166680 T F_StartCredits
0016fad0 T F_StartCustomCutscene
00164cc8 t F_StartCustomCutscene.part.0
00167ee0 T F_StartEnding
00166fc8 T F_StartGameEvaluation
00164e90 T F_StartIntro
001704e0 T F_StartTextPrompt
0016a598 T F_StartTitleScreen
00172218 T F_StartWaitingPlayers
001710c0 T F_TextPromptDrawer
00171a08 T F_TextPromptTicker
0016e6d8 T F_TitleDemoTicker
0016aca8 T F_TitleScreenDrawer
0016e450 T F_TitleScreenTicker
00172620 T F_TryColormapFade
00433450 b f_w
00172280 T F_WaitingPlayersDrawer
00172230 T F_WaitingPlayersTicker
00172558 T F_WipeEndScreen
00173478 T F_WipeExists
00172528 T F_WipeStartScreen
001627e0 t F_WriteText
00433458 b f_x
00433454 b f_y
00117fc8 T fabs
004444c4 B faceprefix
0046b2d4 B fadecolormap
004e5780 b fading_callback
004e5790 b fading_duration
004e5788 b fading_last
004e5798 b fading_remaining
004e57a1 b fading_source
004e57a0 b fading_target
001228c8 T fclose
0012ce90 T fcntl
0012ca88 T fdopendir
0047b290 B ffloor
00488ac8 b ffloortexturecolumn
00122c68 T fflush
00122fa0 T fgets
001e84b0 T FIL_CheckExtension
001e8430 T FIL_DefaultExtension
001e83e0 T FIL_FileExists
001e8408 T FIL_ReadFileOK
001e82c0 T FIL_ReadFileTag
001e8238 T FIL_WriteFile
004e62d8 B filedownload
004c9de0 b filenamebuf
004e6408 B fileneeded
004e640c B fileneedednum
00122fb8 T fileno
0034d4f8 T FileReceiveTicker
003294c8 T filesearch
0034d4f0 T FileSendTicker
004e62c8 b filesrequired
0035e510 D fileXio_irx
00106688 T fileXioClose
00105d30 T fileXioDclose
00105e40 T fileXioDopen
00105bf0 T fileXioDread
00104c18 T fileXioExit
00105f58 T fileXioGetStat
00104ab0 T fileXioInit
00105a70 T fileXioIoctl
00105898 T fileXioIoctl2
001061d8 T fileXioLseek
001060a0 T fileXioLseek64
00106ec8 T fileXioMkdir
00106798 T fileXioOpen
00106530 T fileXioRead
001068e0 T fileXioReadlink
00106c98 T fileXioRemove
00106b68 T fileXioRename
00106db0 T fileXioRmdir
00106a38 T fileXioSymlink
00106308 T fileXioWrite
0042bf6c B finalecount
0014f830 t findCharacterSlot
0034d720 T findfile
00277ae8 t FindFolder
0032b900 t FindFreeSlot
003311b0 t FindRejoinerNum
003a480c D finecosine
003a4810 D finesine
003ae810 D finetangent
00351cbc t fini
00444270 b finishoffs.3
001169a0 T finite
00145040 T fioClose
001458e0 T fioDclose
001457f0 T fioDopen
001459c0 T fioDread
00147940 T fioExit
00145b10 T fioGetstat
00147800 T fioInit
00145698 T fioIoctl
00145438 T fioLseek
00145538 T fioMkdir
00144f08 T fioOpen
00145120 T fioRead
00145c70 T fioRemove
00145d60 T fioRmdir
00145288 T fioWrite
00120d60 T fiprintf
004442bc b fireflower
004d1b28 B firstconnectattempttime
00467d7c B firstseg
004dadc8 B firstticstosend
002c58c8 T FixedAngle
002c5940 T FixedAngleC
001c0048 T FixedHypot
001bff00 T FixedSqrt
004333d0 b fl.1
00444258 b flagoffs.0
003a1e98 d flagtime_cons_t
00444404 b flameshield
00367722 D flashingtics
0046b2d0 B flatmemory
00365ff0 D FLICKYTYPES
002e0758 t FlipCam_OnChange
002e0760 t FlipCam2_OnChange
0048ad70 b flippedcol
0048ad6c b flippedcolsize
0045ecd8 B floatok
00118dc8 T floor
0047b008 B floorclip
004882b8 B floorplane
00144150 T FlushCache
0042bf70 b fm.2
001c0670 T FM_MultMatrixVec4
002c5de0 T FM_RotateX
002c5e58 T FM_RotateZ
004442c0 b fnshico
0046c798 B focallengthf
0036791c d followplayer
001237c8 T fopen
00329430 T fopenfile
0044441c b forceshield
003471b0 t ForceSkin_OnChange
00148920 W ForTimer_InitAlarm
00444528 b found
00466ad4 B foundflats
003b35b0 d fov_cons_t
002e0d18 t Fov_OnChange
0047687c B fovtan
003ce690 r fpi.1
003ce678 r fpinan.0
00123818 T fprintf
0033cd98 t fprintfstringnewline
004c56a0 b fps_enter
004c56a8 b fps_init
003b2918 d fpscap_cons_t
00123950 T fputc
00123bc0 T fputs
00433a44 b fracmovement.0
003682ac d frame.9
00104a70 t frame_dummy
004e46b0 b frame_epoch
004e46b8 b frame_frequency
004c56ac b frame_index
004e46c0 b frame_rate
00476878 B framecount
004e9220 b frames
00123fa0 T fread
0011c658 T free
004274e0 B FREE_MOBJS
00427460 B FREE_SKINCOLORS
00399c50 D free_spr2
00427560 B FREE_STATES
0045ed3c b freeblocks
0034d290 T FreeFileNeeded
003b366c d freehead
0045ed38 b freeiters
0036f898 d freename.13
004c7970 B freeslotnames
00427440 B freeslots_mt
00427444 B freeslots_s
0042744c B freeslots_sfx
0042743c B freeslots_skincolor
00427448 B freeslots_spr
00427438 B freeslots_spr2
00427434 B freeslots_tol
004882bc b freetail
0014a050 T FreeTimerCounter
0013ea78 T frexp
0045bda8 B fromlevelselect
0047a888 B frontscale
004682b4 B frontsector
00123fc8 T fseek
001263c8 T fseeko
0012cea8 T fstat
00124000 T ftell
00126600 T ftello
00433438 b ftom_zoommul
00413d10 r FUME_SKINCOLORS.0
001c01f8 T FV2_AddEx
001c01f0 T FV2_Copy
001c0248 T FV2_MulEx
001c0220 T FV2_SubEx
001c02b0 T FV3_AddEx
001c02a0 T FV3_Copy
001c05b8 T FV3_Cross
001c0550 T FV3_Divide
001c03e0 T FV3_DivideEx
001c0558 T FV3_Dot
001c0380 T FV3_Mul
001c0320 T FV3_MulEx
002c5aa0 T FV3_Rotate
001c02e8 T FV3_SubEx
001c02a8 T FV4_Copy
001c0288 T FV4_Load
001248b0 T fwrite
00105860 t fxio_ctl_intr
004e4ae8 b g
00182e50 T G_AddGametype
00182ed0 T G_AddGametypeConstant
00183238 T G_AddGametypeTOL
00177180 T G_AddGhost
00183420 T G_AddPlayer
0017bb20 T G_AddTempNightsRecords
00183188 T G_AddTOL
00184008 T G_AfterIntermission
00425990 B g_AlarmBuf
0017b878 T G_AllocMainRecordData
0017b930 T G_AllocNightsRecordData
00175678 T G_BeginMetal
00174d88 T G_BeginRecording
0017bda8 T G_BuildMapName
00186ac8 T G_BuildMapTitle
0017cf60 T G_BuildTiccmd
00182168 T G_ChangePlayerReferences
00173538 t G_CheckDemoExtraFiles.constprop.0
00176fa0 T G_CheckDemoForError
00178880 T G_CheckDemoStatus
001894b8 T G_CheckDoubleUsage
00187c00 t G_CheckDoubleUsage.part.0
0017b478 t G_CheckSpot
00188a08 T G_ClearAllControlKeys
001889f0 T G_ClearControlKeys
001878e8 T G_ClearExitGameFlag
00187918 T G_ClearModeAttackRetryFlag
0017b9a0 T G_ClearRecords
0017cb20 T G_ClipAimingPitch
00175870 T G_CmpDemoTime
00183768 T G_CompetitionGametype
00179b80 T G_ConsGhostTic
00184220 T G_Continue
0017a3d8 T G_ConvertOldFrameFlags
00183738 T G_CoopGametype
001892b8 T G_CopyControls
00180550 T G_CopyTiccmd
00423980 B g_CounterBuf
00186948 T G_DeferedInitNew
00175f00 T G_DeferedPlayDemo
00188e98 T G_DefineDefaultControls
001805f0 T G_DoLoadLevel
00177e20 T G_DoneLevelLoad
00175f48 T G_DoPlayDemo
00177b68 T G_DoPlayMetal
00182240 T G_DoReborn
00184258 T G_EndGame
00182c00 T G_EnoughPlayersFinished
00182d48 T G_ExitLevel
00187dc0 t G_FilterKeyByVersion
00181d18 T G_FindCoopStart
00181860 T G_FindCTFStart
00187250 T G_FindMap
001876c8 T G_FindMapByNameOrCode
00181e00 T G_FindMapStart
00181bc8 T G_FindMatchStart
00177a38 T G_FreeGhosts
001836e8 T G_GametypeHasSpectators
001836d0 T G_GametypeHasTeams
001836a0 T G_GametypeUsesCoopLives
001836b8 T G_GametypeUsesCoopStarposts
00183368 T G_GametypeUsesLives
0017baf8 T G_GetBestNightsGrade
0017ba98 T G_GetBestNightsScore
0017bac0 T G_GetBestNightsTime
0017ba78 T G_GetBestRings
0017ba28 T G_GetBestScore
0017ba48 T G_GetBestTime
00189180 T G_GetControlScheme
001878f8 T G_GetExitGameFlag
00183250 T G_GetGametypeByName
00187928 T G_GetModeAttackRetryFlag
001837b0 T G_GetNextMap
001739b8 T G_GhostAddColor
00173968 T G_GhostAddFlip
00173a90 T G_GhostAddHit
00173918 T G_GhostAddRev
00173a20 T G_GhostAddScale
001738c8 T G_GhostAddSpin
00173878 T G_GhostAddThok
00173b40 T G_GhostTicker
0017b208 t G_HandleAxisDeadZone
00185298 t G_HandleSaveLevel
00186cd8 T G_InitNew
001832f0 T G_IsSpecialStage
00180a48 T G_IsTitleCardAvailable
00188af0 T G_KeyNameToNum
00188a40 T G_KeyNumToName
00184dc0 T G_LoadGame
00184300 T G_LoadGameData
001842b8 T G_LoadGameSettings
00177d88 T G_LoadMetal
00181280 T G_LuaResponder
00188220 T G_MapEventsToControls
00182030 T G_MovePlayerToSpawnOrStarpost
00180560 T G_MoveTiccmd
001841b8 T G_NextLevel
00425980 B g_pFreeAlarm
00183720 T G_PlatformGametype
00181288 T G_PlayerReborn
00180928 T G_PreLevelTitleCard
00178d38 T G_ReadDemoTiccmd
0017a4c0 T G_ReadMetalTic
00174c38 T G_RecordDemo
00174d00 T G_RecordMetal
00180b20 T G_Responder
00183700 T G_RingSlingerGametype
00423968 B g_RomName
00185070 T G_SaveGame
00184950 T G_SaveGameData
001856d8 T G_SaveGameOver
00189340 T G_SaveKeySetting
00173800 T G_SaveMetal
00175788 T G_SetDemoTime
001878d8 T G_SetExitGameFlag
0017bc10 T G_SetGameModified
001878c8 T G_SetGamestate
00182e28 T G_SetGametype
001830f8 T G_SetGametypeDescription
0017bec0 t G_SetMainRecords
00189580 T G_SetMouseDeltas
0017c350 t G_SetNightsRecords
00187908 T G_SetRetryFlag
0017bcf0 T G_SetUsedCheats
001734d0 t G_SkipDemoExtraFiles.part.0
0017cb70 T G_SoftwareClipAimingPitch
00182120 T G_SpawnPlayer
00180ad0 T G_StartTitleCard
001787d0 T G_StopDemo
00177e80 T G_StopMetalDemo
00177ec8 T G_StopMetalRecording
003652b8 D g_t10KConfig
00183750 T G_TagGametype
00185a50 T G_Ticker
00187ad0 T G_TicsToCentiseconds
00187938 T G_TicsToHours
00187b68 T G_TicsToMilliseconds
00187990 T G_TicsToMinutes
00187a28 T G_TicsToSeconds
00443bf0 B g_time
00177a98 T G_TimeDemo
003652c0 D g_Timer
00183780 T G_TOLFlag
001830a8 T G_UpdateGametypeSelections
0017c8d0 t G_UpdateVisited.part.0
001841c8 T G_UseContinue
00178f30 T G_WriteDemoTiccmd
00179190 T G_WriteGhostTic
00177fc0 T G_WriteMetalTic
00432548 B gameaction
004324e0 B gamecomplete
0045c5d0 b gameconfig_loaded
00433010 B gamecontrol
00432eb8 B gamecontrolbis
004326a8 B gamecontrolbisdefault
00432ab0 B gamecontroldefault
0040eac8 r gamecontrolname
00427453 B gamedataadded
00367790 D gamedatafilename
00323640 t GameDigiMusic_OnChange
00433168 B gamekeydown
0036fe90 D gamelogic_rows
0036ffe0 D gamelogicbrief_row
004e1474 B gamelostpercent
0036774e D gamemap
003237c8 t GameMIDIMusic_OnChange
00367714 D gameovertics
00321948 t GameSounds_OnChange
00432544 B gamestate
0042df90 B gametic
004caa10 b gametime
004e4158 B gametype
0045bbb0 B gametype_cons_t
00366370 D Gametype_ConstantNames
003663d0 D Gametype_Names
003cbf54 D gametypecount
00366310 D gametypedefaultrules
0036b780 D gametypedesc
003662e0 D gametyperankings
0040aa58 R GAMETYPERULE_LIST
004e4154 B gametyperules
00366280 D gametypetol
003b3f08 d gamma_cons_t
0040f498 R gcl_camera
0040f478 R gcl_jump
0040f468 R gcl_jump_spin
0040f4a0 R gcl_movement
0040f480 R gcl_movement_camera
0040f470 R gcl_spin
0040f508 R gcl_tutorial_check
0040f4b0 R gcl_tutorial_full
0040f4e8 R gcl_tutorial_used
00160e38 T get_huditem
00160f88 T get_menutype
0015d248 T get_mobjtype
0014f9b8 T get_number
00160ca0 T get_sfx
00160108 T get_skincolor
00160308 T get_sprite
00160b90 T get_sprite2
0015ff68 T get_state
004e1490 b getackpacket
003123b8 t GetAlphaFunc_16bpp
003123b0 t GetAlphaFunc_32bpp
003123c8 t GetAlphaFunc_8bpp
004e1484 B getbps
004e14a8 B getbytes
00195e10 t GetChatColorFromSkinColor
00332268 t GetChatColorFromVideoFlag
0031f398 T GetColorLUT
00141968 T getcwd
00142100 T getdents
00146f28 T GetEntryAddress
0011c4a8 T getenv
002c1dc8 t GetExtent
0033a298 T GetFreeXCmdSize
00148ac8 T GetGP
00144180 T GetMemorySize
00260a98 t GetNetColormapFromList
00146fd0 T GetOsdConfigParam
00147000 T GetOsdConfigParam2
0032fec8 T GetPackets
0031a790 T GetPalette
002fb5e0 T GetPlayerDefaultSkin
00332e50 t GetPrintableFileSize
00146338 T GetRomName
001462d0 T GetRomNameWithIODriver
00260790 t GetSideDiff
002ff900 t GetSingleFrameAndRotation
001440b0 T GetThreadId
00146660 T GetTimerSystemTime
0036e830 D ghost_cons_t
0036e818 D ghost2_cons_t
0042c2f8 b ghostext
0042c2f4 B ghosts
001b9280 t GIF_bwrwrite
001ba390 T GIF_close
00444520 b gif_colorprofile
00444500 b gif_delayus
00444523 b gif_downscale
00444522 b gif_dynamicdelay
003680e8 D gif_dynamicdelay_cons_t
001b9790 T GIF_frame
00444518 b gif_framepalette
00444510 b gif_frames
001ba470 T GIF_GetSize
0044451c b gif_headerpalette
00444521 b gif_localcolortable
003680c8 D gif_maxsize_cons_t
001b9540 T GIF_open
00444524 b gif_optimize
001b9320 t GIF_optimizecmprow
00444514 b gif_out
001b94c0 t GIF_prepareLZW
00444508 b gif_prevframetime
004444fc b gif_writeover
004444ec b gifbwr_bits_buf
00367f72 d gifbwr_bits_min
004444e8 b gifbwr_bits_num
004444f8 b gifbwr_buf
004444f0 b gifbwr_bufsize
004444f4 b gifbwr_cur
004444cc b gifframe_data
00367f6c d gifframe_size
004444d0 b giflzw_hashTable
004444d4 b giflzw_nextCodeToAssign
004444d6 b giflzw_workingCode
00011324 W global.c.376a0603
00123200 t global_stdio_init.part.0
004890dc B globallevelskynum
004324ec B globalweather
0013e300 T gmtime_r
00427ef0 b goodending
0032de40 t Got_AddPlayer
00343bb0 t Got_Clearscores
00343c78 t Got_ExitLevelcmd
0032f268 t Got_KickCmd
0034cda0 T Got_Luacmd
0034cda8 T Got_LuaFile
00348710 t Got_Mapcmd
00340000 t Got_MotD_f
0033fe18 t Got_MutePlayer
00345718 t Got_NameAndColor
0018d358 t Got_NetVar
00341c88 t Got_Pause
0033f8b0 t Got_RandomSeed
00343df0 t Got_Removal
003423d8 t Got_RunSOCcmd
001a04a8 t Got_Saycmd
00340f30 t Got_Suicide
00341028 t Got_Teamchange
00343ec8 t Got_Verification
0033f0f0 t Got_WeaponPref
004442c4 b gotbflag
004442c8 b gotrflag
0042c804 B gottoken
004e4adc B graphics_started
004443f0 b gravboots
0042c7cc B gravity
0033f538 t Gravity_OnChange
00433a94 B graymap
00444428 b grenadering
00009196 W gsCore.c.122a3ab3
000088c6 W gsCore.c.15bb34bb
00009fc1 W gsCore.c.253e9fe5
00007ce5 W gsCore.c.2e27438c
00008825 W gsCore.c.3793d3e9
000060e1 W gsCore.c.3b7f143b
0000bbde W gsCore.c.3ebdc62f
0000826c W gsCore.c.52cc6191
0000991f W gsCore.c.54b4c463
00009eb2 W gsCore.c.6053b9d3
000097ac W gsCore.c.7f94f7d3
0000bc7f W gsCore.c.98c3500e
0000a565 W gsCore.c.dfa50e99
0000b615 W gsCore.c.e30dc1a8
00005b40 W gsCore.c.eb1e1431
0000666f W gsInit.c.25595341
0000ab83 W gsInit.c.8e35898e
00006d8b W gsInit.c.a43e31fe
0000aadf W gsInit.c.ea38282c
00100a38 t gsKit_check_rom
00103c90 T gsKit_init_global_custom
00102cd0 T gsKit_init_screen
00102cb8 T gsKit_mode_switch
00100150 t gsKit_queue_exec_real.part.0
00100000 t gsKit_set_test
00100750 t gsKit_texture_size
00102b60 T gsKit_vram_alloc
0000ad9e W gsPrimitive.c.22c787d6
00144160 T GsPutIMR
000074a9 W gsTexManager.c.bb3fad24
0000b414 W gsTexManager.c.f3a56fbf
00007bd1 W gsTexture.c.d6a61d0a
00332f18 t HandleHTTPDownloadFail
0032cee0 t HandleNodeTimeouts.part.0
0032fac8 t HandlePacketFromAwayNode
0032ed90 t HandlePacketFromPlayer
004e14e4 B hardware_MAXPACKETLENGTH
0045ec6c b headprecipsecnode
0045ec70 b headsecnode
004c7820 B heatindex
004c782c B heatshifter
0033e330 T HGetPacket
0042c740 B hidetime
00342940 t Hidetime_OnChange
0042bf20 B hidetitlemap
0042df6e B hidetitlepics
0045ed50 B highceiling
00235060 t HighestOnLine
0036f864 D hintpage
003b3560 d homremoval_cons_t
004682a0 B horizonline
0033d7c0 T HSendPacket
00197458 T HU_AddChatText
001a03e8 T HU_ClearCEcho
00197df8 T HU_clearChatChars
0043e2dc B hu_demorings
0043e2e4 B hu_demoscore
0043e2e0 B hu_demotime
001a0428 T HU_DoCEcho
00196c40 t HU_Draw32Emeralds
001968f0 t HU_DrawCEcho
00196158 t HU_drawChatLog
0019b4b0 T HU_DrawDualTabRankings
00199740 T HU_DrawEmeralds
0019d7e0 T HU_Drawer
00199348 T HU_drawPing
0019c128 t HU_DrawRankings
00199948 t HU_DrawTabRankings.part.0
0019a4c8 T HU_DrawTeamTabRankings
00443a18 B hu_font
001973b8 T HU_Init
00196e38 T HU_LoadFontCharacters
00196ef0 T HU_LoadGraphics
004db059 B hu_redownloadinggamestate
00195fd0 t HU_removeChatText_Mini
00197e58 T HU_Responder
001a03f8 T HU_SetCEchoDuration
001a0410 T HU_SetCEchoFlags
0044300e B hu_showscores
00197450 T HU_Start
004caa2c B hu_stopped
0044300c b hu_tick
00197be0 T HU_Ticker
00367e70 D hudinfo
0040aa00 R HUDITEMS_LIST
00367c08 d hudlines_cons_t
00414080 r hudminusalpha
00414090 r hudplusalpha
00367c58 d hudtime_cons_t
003b3e68 d hue_cons_t
0042c7e0 B hunt1
0042c7dc B hunt2
0042c7d8 B hunt3
00464868 B huntemeralds
00444478 b hunthoming
001166d0 T hypot
003682a4 d i.2
004e14c8 B I_Ban
00349040 T I_BaseTiccmd
00349050 T I_BaseTiccmd2
004e14c4 B I_ClearBans
00349988 T I_ClipboardCopy
003499d8 T I_ClipboardPaste
003492a0 T I_Error
0034bbe0 T I_FadeInPlaySong
0034bbc8 T I_FadeSong
0034b9f8 T I_FadeSongFromVolume
0034a070 T I_FinishUpdate
0034b340 T I_FreeSfx
004e14bc B I_GetBanAddress
004e14b8 B I_GetBanMask
00349930 T I_GetEnv
00349010 W I_GetEvent
00349510 T I_GetFreeMem
0034cc60 T I_GetJoyName
004e14c0 B I_GetNodeAddress
00348e88 T I_GetPrecisePrecision
00348e80 T I_GetPreciseTime
003495c0 T I_GetRandomBytes
0034a060 T I_GetRefreshRate
0034b330 T I_GetSfx
0034b6a8 T I_GetSongLength
0034b720 T I_GetSongPosition
00349b70 T I_GetSysName
001a0da0 T I_GetTime
001a0db0 T I_InitializeTime
0034cba0 T I_InitJoystick
0034cba8 T I_InitJoystick2
0034b600 T I_InitMusic
0034d0e8 T I_InitNetwork
0034d0f0 T I_InitTcpNetwork
0034b7a8 T I_LoadSong
00349aa0 T I_LocateWad
00349060 T I_lock_mutex
00349818 T I_mkdir
004e14d8 B I_NetCloseSocket
004e14d4 B I_NetFreeNodenum
004e14e0 B I_NetGet
0033e918 T I_NetMakeNode
004e14d0 B I_NetMakeNodewPort
004e14cc B I_NetOpenSocket
004e14dc B I_NetSend
0033e8a0 T I_NetSplitAddress
0034cbb0 T I_NumJoys
00349240 T I_OsPolling
00348c10 T I_OutputMsg
0034b900 T I_PauseSong
0034b8a0 T I_PlaySong
00349148 T I_Quit
0034a328 T I_ReadScreen
00349b68 T I_RegisterSysCommands
0034b958 T I_ResumeSong
004e14b4 B I_SetBanAddress
0034b9b8 T I_SetInternalMusicVolume
0034b9a8 T I_SetMusicVolume
00349c48 T I_SetPalette
0034b4c8 T I_SetSfxVolume
0034b6b0 T I_SetSongLoopPoint
0034b6d0 T I_SetSongPosition
0034b6a0 T I_SetSongSpeed
0034b9b0 T I_SetSongTrack
00349030 T I_SetTextInputMode
00349c20 T I_ShutdownGraphics
0034b608 T I_ShutdownMusic
0034b358 T I_ShutdownSound
003490c8 T I_ShutdownSystem
00348f10 T I_Sleep
00348f30 T I_SleepDuration
0034b690 T I_SongPaused
0034b680 T I_SongPlaying
0034b670 T I_SongType
0034b440 T I_SoundIsPlaying
0034b388 T I_StartSound
00349eb8 T I_StartupGraphics
00349018 T I_StartupMouse
00349020 T I_StartupMouse2
0034b348 T I_StartupSound
00349070 T I_StartupSystem
00348e90 T I_StartupTimer
00348c08 T I_stop_threads
0034b9c8 T I_StopFadingSong
0034b2d0 T I_StopSong
0034b418 T I_StopSound
0034cd90 T I_Tactile
0034cd98 T I_Tactile2
0034b838 T I_UnloadSong
00349068 T I_unlock_mutex
00349028 T I_UpdateMouseGrab
0034a068 T I_UpdateNoBlit
0034a2e8 T I_UpdateNoVsync
0034b4d0 T I_UpdateSound
0034b4c0 T I_UpdateSoundParams
001a0e10 T I_UpdateTime
00148be0 T iAllocTimerCounter
003cbbf0 d idleaction_cons_t
0032db28 t IdleUpdate.part.0
0014a0b0 T iFreeTimerCounter
00147ca8 T iGetTimerSystemTime
004e62c0 B ignoregameinputs
0014ded8 t ignorelines
0014f6d8 T ignorelinesuntilhash
004324cc B imcontinuing
00349c00 t Impl_VideoSetupBuffer.part.0
003ce288 r inc32table
0045beac b inComment.7
00226d78 t increment_move
00444438 b infinityring
00420bc4 b init
00422d58 b init
00351c90 t init
003ce480 r init_jk
0033ccf8 t InitAck
00104540 T InitAlarm
0031f1f0 T InitColorLUT
00146b18 W InitExecPS2
004203f8 b initial_env
0032b878 t Initialise
003700b0 d initialseed
00420000 B initMode
0034c578 t InitSlot
001469a0 W InitThread
00148218 W InitTimer
00146cb8 W InitTLB
00146c00 W InitTLBFunctions
004201ac B initVersionCdvdfsv
004201a8 B initVersionCdvdman
0043c240 b input_cur
0043c238 b input_len
0043c23c b input_sel
0043c244 b inputhist
0043c248 b inputline
0043c250 b inputlines
00148b08 T InsertAlarm_ForTimer
0045ed30 b intercept_p
0045ed34 b intercepts
00443c00 B intermissiontypes
0033cd68 t Internal_FreeNodenum
0033cd48 t Internal_Get
0033cd80 t Internal_Send
003cd774 d internal_volume
004265c9 b interp.6
00443c78 b interpic
0046c884 b interpolated_mobjs
0046c87c b interpolated_mobjs_capacity
0046c880 b interpolated_mobjs_len
0036ff60 D interpolation_rows
00443c64 b intertic
00443c60 B intertype
00427a34 B intro_curtime
00427a38 B intro_scenenum
00427451 B introchanged
0040e978 r introscenetime
004279f0 B introtext
0042c7e5 B introtoplay
003cc448 d inttime_cons_t
00433a6c B invertmap
004443f8 b invincibility
00488fe4 b invscale
00367726 D invulntics
004ca9f0 b iobuf
0035fb20 D iomanX_irx
0046496c B iquehead
00464968 B iquetail
00149f60 T iReleaseWaitThread
004e57a2 b is_fading
001201a0 T isalnum
00147118 T isceSifSendCmd
00148aa0 T isceSifSetDChain
00148a90 T isceSifSetDma
00147b88 T IsEarlyJap
00148950 T iSetTimerAlarm
00148d28 T iSetTimerHandler
00144110 T iSignalSema
00129bc8 t iso_year_adjust
003480f0 T IsPlayerAdmin
001201b8 T ispunct
001201d0 T isspace
00147af0 T IsT10KWithIODriver
00148c50 T iStartTimerCounter
001410f0 T iswspace
001410f8 T iswspace_l
003427c0 T ItemFinder_OnChange
00444460 b itemhoming
0036f88e d itemOn
00465970 B itemrespawnque
00464970 B itemrespawntime
00146a78 W iWakeupThread
003a27a8 D jingleinfo
004cc850 B joindelay
003cbe08 d joindelay_cons_t
0045c7d8 B joinedIP
0045c8d8 B joinedIPlist
004caa1c B joinnode
003cbee4 D jointimeout
003cc578 d jointimeout_cons_t
0033f1a8 t JoinTimeout_OnChange
0017cd90 T Joy2Axis
00432558 b joy2dclicks
00433360 B joy2xmove
00433350 B joy2ymove
0042c3b8 b joyaiming.7
0017cbc0 T JoyAxis
00367658 d joyaxis_cons_t
0043362c b joyaxis_count
00433631 b joyaxis_default
00433628 b joyaxis2_count
00433630 b joyaxis2_default
00432600 b joydclicks
004e5fd0 b joyname.0
00432530 B Joystick
00432528 B Joystick2
0045bd10 b joystickInfo
00459714 b joywait.8
00433380 B joyxmove
00433370 B joyymove
00444420 b jumpshield
0045ebd8 b junk.0
0043e2e9 b justscrolleddown
0043e2e8 b justscrolledup
0045ebac b k.1
00146eb0 T kCopy
003cff88 r kernelTLB
00146f40 T KExit
0042c388 b keyboard_look.0
0045bcb4 b keydown
00414c88 r keymap
0040eb78 r keynames
00432550 b keynamestr.0
0042bf48 b keypressed
00428092 b knux_blink
00428091 b knux_blink_twice
00428090 b knux_blinked_already
00428088 b knux_idle_end
0042808c b knux_idle_start
004333c0 b l.0
0012e8a0 T labs
0040ffc0 r LASERCOLORS.2
00144244 t last
0042c3a8 b last_centerviewdown.4
004c78bc b last_music_stack
00467834 b lastanim
004e8e04 b lastcount.6
00366164 D lastcustomtol
00427414 B lastdraw
004e8e0c b lastframe
003cd32e D lastgoodcolor
003cd32c D lastgoodcolor2
004c7828 B lastheight
00367918 d lastlevel.2
003a1e5c d lastleveltime.2
00466acc B lastloadedmaplumpnum
0042df84 B lastmap
004324e2 B lastmaploaded
00488fd8 b lastopening
0042bf98 B lastwipetic
004596f8 b lastx.1
00459700 b lasty.3
004677b0 B levelfadecol
00466ad8 B levelflats
0046c890 b levelinterpolators
0046c88c b levelinterpolators_len
0046c888 b levelinterpolators_size
0045bda4 B levellistmode
004677b1 B levelloading
0045bca8 b levelselect
0045bca0 b levelselectselect
004890e0 B levelskynum
0042df8c B levelstarttic
00467964 B leveltime
0045bc88 b levselp
00124da8 t lflush
00433a9c B lgreenmap
000045bc W libpad.c.e2e8196a
004682c4 b lighttable_lutp
002cb890 t LightTableNearest
002c9378 t LightTableNearest_LUT
004682b8 B linedef
004677d0 B lines
00367de0 D linkColor
004443e0 b linkfreeze
004dade0 b listnetxcmd
004271f0 B liveeventbackup
004444ac B livesback
0036e690 d liveslimit_cons_t
00351d40 d lmb_patch.0
00261718 t LoadCeilingThinker
00261270 t LoadCrumbleThinker.constprop.0
00261b70 t LoadElevatorThinker
00260e78 t LoadFloormoveThinker.constprop.0
0045a750 b loadgameoffset
0045a754 b loadgamescroll
0036e498 D loadless_cons_t
00266a38 t LoadMobjThinker.constprop.0
003188b8 t LoadPalette
00260c80 t LoadPolymoveThinker
00339c68 T Local_Maketic
0042c3f0 B localaiming
0042c3ec B localaiming2
0042c3e8 B localangle
0042c3e4 B localangle2
004dac88 B localcmds
004dab48 B localcmds2
0012c500 T localeconv
00459b2c b localservercount
004daf48 B localtextcmd
004dae48 B localtextcmd2
00128b80 T localtime
00128b90 T localtime_r
00366940 d lockedassist_cons_t
003669d8 d lockedinput_cons_t
004e46c8 B logfilename
004e4ac8 B logstream
0034d920 t LooksLikePath
004e57b4 b loop_point
001441d4 t loop1
001441f4 t loop8
0042df50 B looptitle
004e147c B lostpercent
004dadd0 B lowest_lag
0045ed54 B lowfloor
0012cec0 T lseek
0045bc80 b lsoffs
00141e80 T lstat
004442b4 b lt_active
0044428c B lt_endtime
00444290 B lt_exitticker
004434f0 B lt_font
00444294 B lt_lasttic
004442a0 b lt_mom
004442a8 b lt_patches
004442a4 b lt_scroll
00444298 B lt_ticker
0044429c b lt_zigzag
0034cdb8 T LUA_Archive
0034ce90 T LUA_UnArchive
0042c810 B luabanks
003cd8a8 D luafiledir
004e62cc B luafiletransfers
003660c8 d lumpname.0
003660d8 d lumpname.1
003660e8 d lumpname.3
004c9fe8 b lumpnumcache
004c9fe6 b lumpnumcacheindex
0010d368 T LZ4_attach_dictionary
00116180 T LZ4_compress
00116250 T LZ4_compress_continue
0010cfc0 T LZ4_compress_default
0010d020 T LZ4_compress_destSize
0010cfc8 T LZ4_compress_destSize_extState
001093b0 t LZ4_compress_destSize_extState_internal
0010cf88 T LZ4_compress_fast
0010d3a0 T LZ4_compress_fast_continue
00107828 T LZ4_compress_fast_extState
0010a628 T LZ4_compress_fast_extState_fastReset
00111088 T LZ4_compress_forceExtDict
00116178 T LZ4_compress_limitedOutput
00116248 T LZ4_compress_limitedOutput_continue
001161e0 T LZ4_compress_limitedOutput_withState
001161e8 T LZ4_compress_withState
001077d0 T LZ4_compressBound
001162f0 T LZ4_create
0010d050 T LZ4_createStream
00114820 T LZ4_createStreamDecode
00114880 T LZ4_decoderRingBufferSize
001130e8 T LZ4_decompress_fast
00115098 T LZ4_decompress_fast_continue
00107578 t LZ4_decompress_fast_extDict
00115f40 T LZ4_decompress_fast_usingDict
001137d0 T LZ4_decompress_fast_withPrefix64k
00112630 T LZ4_decompress_safe
001148b8 T LZ4_decompress_safe_continue
001139c8 T LZ4_decompress_safe_forceExtDict
00112b28 T LZ4_decompress_safe_partial
001140f0 T LZ4_decompress_safe_partial_forceExtDict
001153e8 T LZ4_decompress_safe_partial_usingDict
001153a0 T LZ4_decompress_safe_usingDict
001132c8 T LZ4_decompress_safe_withPrefix64k
00107068 t LZ4_decompress_safe_withSmallPrefix
0010d188 T LZ4_freeStream
00114830 T LZ4_freeStreamDecode
0010d090 T LZ4_initStream
0010d358 T LZ4_loadDict
0010d1b8 T LZ4_loadDict_internal
0010d360 T LZ4_loadDictSlow
00106fd8 t LZ4_renormDictT
0010d0e8 T LZ4_resetStream
0010d0f8 T LZ4_resetStream_fast
001162c8 T LZ4_resetStreamState
00112578 T LZ4_saveDict
00114860 T LZ4_setStreamDecode
00107820 T LZ4_sizeofState
001162c0 T LZ4_sizeofStreamState
00116330 T LZ4_slideInputBuffer
001162b0 T LZ4_uncompress
001162b8 T LZ4_uncompress_unknownOutputSize
001077b8 T LZ4_versionNumber
001077c0 T LZ4_versionString
00329a80 T lzf_compress
003298c8 T lzf_decompress
001b8e68 T M_AATreeAlloc
001b8eb0 T M_AATreeFree
001b8a48 t M_AATreeFree_Node
001b9178 T M_AATreeGet
001b9110 T M_AATreeSet
001b87e8 t M_AATreeSet_Node
001e7cb8 T M_AddMenuColor
001be430 T M_AddRawCondition
001babc0 T M_AddToBox
001e8878 T M_AddToJoinedIPs
001e49e0 t M_AllowSuper
001be868 T M_AnySecretUnlocked
001c6ea0 t M_AssignJoystick
001c0858 t M_BanpyuraReportIssue
001be970 T M_CampaignWarpIsCheat
001c3ca8 t M_CancelConnect
001e3c38 T M_CanShowLevelInList
001c1c58 t M_CanShowLevelOnPlatter
001e56d0 t M_ChangeControl
001e5798 t M_ChangecontrolResponse
001c6970 t M_ChangeCvar
001d7d10 T M_ChangeMenuMusic
001be600 T M_CheckLevelEmblems
001ba550 T M_CheckParm
001bed28 T M_CheckUnlockConditions
001ddd10 t M_ChooseNightsAttack
001dda60 t M_ChoosePlayer
001e3538 t M_ChooseRoom
001dd8c8 t M_ChooseTimeAttack
001baba0 T M_ClearBox
001be518 T M_ClearConditionSet
001dd7e8 T M_ClearMenus
001bf490 T M_ClearSecrets
001be7b0 T M_CompletionEmblems
001e5c18 t M_ConfirmEnterGame
001de118 t M_ConfirmSpectate
001e5440 t M_ConfirmTeamChange
001ddfb0 t M_ConfirmTeamScramble
001de428 t M_Connect
001e3478 t M_ConnectMenu
001e55e8 t M_ConnectMenuModChecks
001bf598 T M_CopyGameData
001beac0 T M_CountEmblems
001de0f0 t M_Credits
001e48d8 t M_CustomLevelSelect
001e1bf0 t M_CustomWarp
001e4980 t M_DestroyRobots
001c6e60 t M_DestroyRobotsResponse
001e9d30 T M_DoScreenShot
001cd638 t M_DrawCameraOptionsMenu
001cea38 t M_DrawCenteredMenu
001d56f0 t M_DrawChecklist
001cda08 t M_DrawColorMenu
001d32b0 t M_DrawConnectMenu
001c7540 t M_DrawControl
001d1638 t M_DrawControlsDefMenu
001d1be8 t M_DrawEmblemHints
001dd328 T M_Drawer
001cfa50 t M_DrawGenericMenu
001cc578 t M_DrawGenericScrollMenu
001c0c18 t M_DrawImageDef
001ca330 t M_DrawJoystick
001c7300 t M_DrawLevelPlatterHeader.constprop.0
001dc0a8 t M_DrawLevelPlatterMenu
001d4410 t M_DrawLevelStats
001c8520 t M_DrawLoad
001cd750 t M_DrawMainVideoMenu
001c0860 t M_DrawMapEmblems
001d7dd0 t M_DrawMarathon
001c0ab8 t M_DrawMenuTitle
001ca700 t M_DrawMessageMenu
001d1828 t M_DrawMonitorToggles
001d09d8 t M_DrawMPMainMenu
001d9378 t M_DrawNightsAttackMenu
001c1000 t M_DrawNightsAttackMountains
001d29d0 t M_DrawPauseMenu
001ec998 T M_DrawPerfStats
001c1170 t M_DrawPlaystyleMenu
001c0d88 t M_DrawRecordAttackForeground
001d2610 t M_DrawRejoinMenu
001d3f28 t M_DrawRoomMenu
001cd8b8 t M_DrawScreenshotMenu
001d22e8 t M_DrawServerMenu
001c6160 t M_DrawSetupChoosePlayerMenu
001caa90 t M_DrawSetupMultiPlayerMenu
001c1640 t M_DrawSlider
001c4d70 t M_DrawSoundTest
001c7f28 t M_DrawStaticBox.constprop.0
001e3c10 T M_DrawTextBox
001c1458 t M_DrawThermo
001da978 t M_DrawTimeAttackMenu
001c4108 t M_DrawVideoMode
001df600 t M_EmblemHints
001bfa08 T M_EmblemSkinNum
001e47f8 t M_EndGame
001dd7c8 T M_EndModeAttackRun
001e59f8 t M_EraseData
001de018 t M_EraseDataResponse
001e4520 t M_EraseGuest
001ddf08 t M_ExitGameResponse
001c3b10 t M_ExitPandorasBox
001eace8 T M_FileError
001ba808 T M_FindResponseFile
001e8e80 T M_FirstLoadConfig
001e4cf0 t M_FirstTimeResponse
001e7c70 T M_ForceSaveSlotSelected
001e7e38 T M_FreePlayerSetupColors
001eaed0 T M_Ftrim
001e4998 t M_GetAllEmeralds
001c6d50 t M_GetColorGridIndex
001bfb58 T M_GetEmblemColor
001bfb80 T M_GetEmblemPatch
001bfc20 T M_GetExtraEmblemColor
001bfc48 T M_GetExtraEmblemPatch
001bfac0 T M_GetLevelEmblems
001e84e0 T M_GetMovieFrames
001e84f0 T M_GetMovieSize
001ba668 T M_GetNextParm
001ea3c8 T M_GetToken
001ba480 T M_GetUrlProtocolArg
001df118 t M_GoBack
001beb38 T M_GotEnoughEmblems
001becb8 T M_GotHighEnoughRings
001bebd8 T M_GotHighEnoughScore
001bec48 T M_GotLowEnoughTime
001ca220 t M_GridPosToGridIndex
00433420 b m_h
001df958 t M_HandleChecklist
001e2c60 t M_HandleChoosePlayerMenu
001e7048 t M_HandleConnectIP
001c6c68 t M_HandleEmblemHints
001de140 t M_HandleImageDef
001e1ee0 t M_HandleLevelPlatter
001dfee0 t M_HandleLevelStats
001e7768 t M_HandleLoadSave
001df2b0 t M_HandleMarathonChoosePlayer
001e11b8 t M_HandlePlaystyleMenu
001e3148 t M_HandleServerPage
001e01f8 t M_HandleSetupMultiPlayer
001e2848 t M_HandleSoundTest
001df3e0 t M_HandleTimeAttackLevelSelect
001e13b0 t M_HandleVideoMode
001e37c0 T M_Init
001e3b18 T M_InitCharacterTables
001e8118 T M_InitJoinedIPArray
001d7af8 T M_InitMenuPresTables
001e7d68 T M_InitPlayerSetupColors
001ba608 T M_IsNextParm
001ead18 T M_IsPathAbsolute
001ead28 T M_JumpWord
001eadc0 T M_JumpWordReverse
00433448 b m_keydown
001c1ec0 t M_LevelAvailableOnPlatter
001e53e0 t M_LoadGame
001e8ab0 T M_LoadJoinedIPs
001e7550 t M_LoadSelect.isra.0
001e5c68 t M_MapChange
001be8f8 T M_MapLocked
001e8148 T M_MapNumber
001e4d90 t M_Marathon
001e4ff0 t M_MarathonLiveEventBackup
001eace0 T M_Memcpy
0045be1c B m_menu_mutex
001d7820 t M_ModeAttackEndGame
001ddea8 T M_ModeAttackRetry
001bf540 T M_NewGameDataStruct
001cd8c0 t M_NextOpt
001e5110 t M_NightsAttack
001df540 t M_Options
001e45d8 t M_OverwriteGuest
001e4778 t M_OverwriteGuest_Last
001e4788 t M_OverwriteGuest_Rings
001e47a8 t M_OverwriteGuest_Score
001e4798 t M_OverwriteGuest_Time
001df738 t M_PandorasBox
00433440 b m_paninc
001d7738 t M_PatchSkinNameTable
001e7b40 t M_PauseLevelSelect
001c1fd0 t M_PrepareLevelPlatter
001cd960 t M_PrevOpt
001ba6d8 T M_PushSpecialParameters
001ee210 T M_QueueFree
001ee1d0 T M_QueueInit
001ee1e0 T M_QueueInsert
001ee1f0 T M_QueueIterator
001c2e80 t M_QuitMultiPlayerMenu
001c6f48 T M_QuitResponse
001e47b8 t M_QuitSRB2
001ed220 T M_RandomByte
001ed1a8 T M_RandomFixed
001ed880 T M_RandomizedSeed
001ed298 T M_RandomKey
001ed400 T M_RandomRange
001ed648 T M_RandomSeed
001ed570 T M_RandomSeedFromOS
003700b8 d m_randomstate
001c30b8 t M_ReadSaveStrings
001c3f48 t M_Refresh
001c3f28 t M_RefreshRejoins
001de498 t M_RejoinConnect
001e0fc8 t M_RejoinMenu
001e5540 t M_RejoinMenuModChecks
001e8a50 T M_RemoveJoinedIP
001e4070 t M_ReplayTimeAttack
001c2b28 t M_ResetCvars
001e5d88 T M_Responder
001e4868 t M_Retry
001ddf48 t M_RetryResponse
001e3290 t M_RoomMenu
001eb0b0 T M_RoundUp
001e9348 T M_SaveConfig
001e9088 t M_SaveConfig.part.0
001e9b58 T M_SaveFrame
001c6ed0 t M_SaveGameDeleteResponse
001e7ad8 t M_SaveGameUltimateResponse
001e8740 T M_SaveJoinedIPs
001e8570 T M_ScreenShot
001df588 t M_ScreenshotOptions
001e8580 T M_ScreenshotResponder
001e17b8 t M_SecretsMenu
001be8b0 T M_SecretUnlocked
001ddfa8 t M_SelectableClearMenus
001e3008 t M_ServerOptions
001e4430 t M_SetGuestReplay
001d9108 T M_SetMenuCurBackground
001dd1e0 T M_SetMenuCurFadeValue
001dd2a0 T M_SetMenuCurTitlePics
001c3cc8 t M_SetPlayerSetupFollowItem
001e1068 t M_Setup1PControlsMenu
001e7fa8 t M_Setup1PJoystickMenu
001e1048 t M_Setup1PPlaystyleMenu
001e1128 t M_Setup2PControlsMenu
001e7fe8 t M_Setup2PJoystickMenu
001e1100 t M_Setup2PPlaystyleMenu
001e1a10 t M_SetupChoosePlayer.part.0
001c9df8 t M_SetupChoosePlayerDirect.isra.0
001e7eb0 T M_SetupJoystickMenu
001e0e38 t M_SetupMultiPlayer
001e0030 t M_SetupMultiPlayer2
001de560 T M_SetupNextMenu
001be5c0 T M_SilentUpdateSkinAvailabilites
001bf380 T M_SilentUpdateUnlockablesAndEmblems
001e1c68 t M_SinglePlayerMenu
001c6b10 T M_SortServerList
001e5aa8 t M_SoundTest
001dd780 T M_StartControlPanel
001d69c0 t M_StartControlPanel.part.0
001ddc98 t M_StartMarathon
001e3c80 T M_StartMessage
001e98f0 T M_StartMovie
001de2d8 t M_StartServer
001e3660 t M_StartServerMenu
001e3630 t M_StartSplitServerMenu
001de510 t M_StartTimeAttackReplay
001e4a40 t M_StartTutorial
001e86a0 T M_StartupLocale
001dfb90 t M_Statistics
001e36e0 t M_StopMessage
001e8030 T M_StopMovie
001eb020 T M_StringToDecimal
001eaf90 T M_StringToNumber
001e3708 T M_Ticker
001e5278 t M_TimeAttack
001e4b68 t M_TutorialControlResponse
001e7bb8 T M_TutorialSaveControlResponse
001c2b18 t M_UltimateCheat
001eabe8 T M_UnGetToken
001bf950 T M_UnlockableSkinNum
001bf100 T M_UpdateUnlockablesAndExtraEmblems
001dfcc0 t M_VideoModeMenu
001dfc88 t M_VideoOptions
00433424 b m_w
0045be18 B m_waiting_mode
00433434 b m_x
0043342c b m_x2
00433430 b m_y
00433428 b m_y2
00433aa0 B magentamap
00348b10 T main
00368678 D MainDef
0036e378 d MainMenu
004324d4 B mainwads
0030e160 t MakeResult
004cab30 B maketic
002c1ef8 t MakeViaVectors
0011d0e0 T mallinfo
0011c648 T malloc
0011d108 T malloc_stats
0011d118 T mallopt
004682c8 b map
003682a8 d map.3
0036f1d8 d map_cons_t
00368650 D MAPauseDef
0036e328 d MAPauseMenu
0045ec9c B mapcampointer
004e40bc B mapchangepending
0042c858 B mapheaderinfo
0045bda1 B maplistoption
00466ad0 b maplumpname
00467810 B mapmd5
004324f8 B mapmusflags
00432500 B mapmusname
004324f4 B mapmusposition
00366158 d mapname.8
00318528 t mappedpdraw
004677c8 B mapthings
004324f0 B maptol
0036e4b0 D marathon_cons_t
004324dc B marathonmode
004324d8 B marathontime
004890d1 b markceiling
004890d2 b markfloor
004890d0 b maskedtexture
00488ff0 b maskedtexturecol
00488fec b maskedtextureheight
0034d0e0 t MasterServer_Debug_OnChange
0034d0c8 t MasterServer_OnChange
003cdd58 d masterserver_update_rate_cons_t
003cd648 d matchboxes_cons_t
0045ed18 b max_intercepts.0
00433408 b max_scale_mtof
0046b2e0 B max_spritelumps
00433414 b max_x
00433410 b max_y
0046782c b maxanims
00488ac4 b maxdrawsegs.0
0048b414 b maxframe
004e4ad8 b maximum.2
003cbe60 d maxplayers_cons_t
003b3580 d maxportals_cons_t
003cd890 d maxsend_cons_t
00367712 D maxXtraLife
00141048 T mbrtowc
0048ad88 B mceilingclip
0017b528 t measurekeywords
0011fad8 T memalign
00126610 T memchr
001266f8 T memcmp
00126788 T memcpy
001268d0 T memmove
00350720 t memory
00126ac8 T memset
0045bda9 B menuactive
003b3498 d menubg_cons_t
003b3958 d menucolor_cons_t
004273f4 B menucolorhead
004273f0 B menucolortail
0045a830 B menupres
00459b28 b menuRoomIndex
0040a918 R MENUTYPES_LIST
004596f4 b message.0
003682c8 D MessageDef
0045a7f8 b MessageMenu
0042c314 b metal_p
0042c318 b metalbuffer
0042c31c B metalplayback
0042c320 B metalrecording
0042c310 b metalversion
0048ad8c B mfloorclip
00427403 B midi_disabled
004890c4 b midtexture
0043340c b min_scale_mtof
0043341c b min_x
00433418 b min_y
003cbb30 d mindelay_cons_t
004442cc b minicaps
003cd730 d minimum.3
003ccb70 d minitimelimit_cons_t
0045ebc0 b minus
004442d0 b minus5sec
0036fdb0 D misc_calls_rows
00368600 D MISC_ChangeLevelDef
0036b768 d MISC_ChangeLevelMenu
0036f778 D MISC_ChangeTeamDef
0036e108 d MISC_ChangeTeamMenu
003685d8 D MISC_HelpDef
0036b700 d MISC_HelpMenu
0036f7a0 D MISC_ScrambleTeamDef
0036e130 d MISC_ScrambleTeamMenu
001c6078 t MIT_ChangeMusic
001c2bc8 t MIT_SetCurTitlePics
001422b0 T mkdir
00129520 T mktime
00466a78 B mobjcache
00372bd8 D mobjinfo
0045eb94 b mobjinfobackup
0045eb84 b mobjinfobackupsize
0040aae0 R MOBJTYPE_LIST
0029a938 t MobjTypeName
004324ce B modeattacking
00459830 b modedescs
001169b8 T modf
004324d2 B modifiedgame
0045ebc4 B modulothing
004cbf48 B motd
004333a8 B mouse
00433390 B mouse2
004325e8 b mouse2dclicks
003cd6e0 d mouse2port_cons_t
00432690 b mousedclicks
003cd7c8 D mousegrabbedbylua
00367900 d mousesens_cons_t
00459708 b mousewait.5
0045e9b8 b movieframesrecorded
0045e9bc B moviemode
0036fcc0 d moviemode_cons_t
001d7a28 T Moviemode_mode_Onchange
001d7ac0 T Moviemode_option_Onchange
003683d0 D MP_ConnectDef
0036a670 d MP_ConnectMenu
0036f5c0 D MP_MainDef
0036a938 d MP_MainMenu
00368358 D MP_PlayerSetupDef
0036a4b8 d MP_PlayerSetupMenu
003683a8 D MP_RejoinDef
0036a830 d MP_RejoinMenu
00368380 D MP_RoomDef
0036a508 D MP_RoomMenu
003683f8 D MP_ServerDef
0036a7a0 d MP_ServerMenu
00368420 D MP_SplitServerDef
0036aa00 d MP_SplitServerMenu
00368628 D MPauseDef
0036e1f8 d MPauseMenu
0011d168 T mstats
0043343c b mtof_zoommul
00459a4c b multi_followitem_duration
00459a50 b multi_followitem_frame
00459a52 b multi_followitem_numframes
00459a44 b multi_followitem_scale
00459a54 b multi_followitem_skinnum
00459a58 b multi_followitem_sprdef
00459a51 b multi_followitem_startframe
00459a48 b multi_followitem_tics
00459a40 b multi_followitem_yoffset
00459a62 b multi_frame
00459a5d b multi_invcolor
00459a5c b multi_override
00459a5e b multi_paused
00459a60 b multi_spr2
00459a64 b multi_tics
004324c8 B multiplayer
003a2748 d multiplier_cons_t
004c78f0 b music_name
004c78c4 B music_stack_fadein
004c78c8 B music_stack_fadeout
004c78cc B music_stack_noposition
004c78c0 b music_stacks
003b3f7c D musicdefstart
00323950 t MusicPref_OnChange
00343990 t Mute_OnChange
003403c0 t MutePlayer
00425d90 b mutexCtr.0
00444534 B myargc
0044452c B myargmalloc
00444530 B myargv
0014dc50 T myfgets
0014f3c8 T myhashfgets
004d1b24 B mynode
00346c58 t Name_OnChange
003461f0 t Name2_OnChange
0034d5f0 T nameonly
0034d690 T nameonlylength
00330980 T nametonum
0012cf78 T nan
0012cf88 T nanf
00444330 b narrow
00444358 b nbon
004443c4 b nbracket
00363a60 D nCmdSemaId
002cb298 T NearestPaletteColor
004caa20 B neededtic
004c5168 B negonearray
0033e0e8 T Net_AckTicker
0033de30 T Net_CloseConnection
00466ab0 b net_colormaps
0033e030 T Net_ConnectionTimeout
0033d2b0 T Net_GetNetStat
0034d160 T Net_IsNodeIPv6
0033d470 T Net_UnAcknowledgePacket
004e3ea4 B netbuffer
004d1b40 B netcmds
004324c9 B netgame
0032ff70 T NetKeepAlive
004cacd8 B netnodes
003cbd58 d netticbuffer_cons_t
003cc5c8 d nettimeout_cons_t
0033f190 t NetTimeout_OnChange
00330148 T NetUpdate
003cbef0 D netxcmdnames
002ec780 t new_visplane
00468298 b newend
001ca5e8 t Newgametype_OnChange
001e9498 t Newsnapshotfile
003b28d8 D newview
004e8de8 b next.1
00367728 D nextgametype
0042c73c B nextmap
001d7050 T Nextmap_OnChange
0042d8b6 B nextmapoverride
0046c788 B nflatmask
0046c78c B nflatshiftup
0046c794 B nflatxshift
0046c790 B nflatyshift
004442d8 B ngradeletters
00444390 b nhud
004443e4 b nightopianhelper
0040dea8 R NIGHTSGRADE_LIST
00444448 b nightslink
00367718 D nightslinktics
00443130 B nightsnum
0042c384 B noblit
0048ad50 b nodebankhead
004677d4 B nodes
004db100 b nodes
0042c385 B nodrawers
0045a80e b noFurtherInput
0014a2b0 T nongnu_strcasestr
004443ec b nonicon
004443e8 b nonicon2
00442f84 b nopingicon
00444440 b normring
003ce2a8 r npio2_hw
00444310 b nredar
004443c0 b nring
00444354 b nssbon
00444388 b nsshud
00443338 B ntb_font
00444680 B ntemprecords
00443180 B nto_font
0045bcc0 b ntsatkdrawtimer
00466aa8 b num_ffloors
00466aac b num_net_colormaps
00467d84 B num_po_ptrs
004c5808 B num_tags
004890bc b numbackffloors
004e921c b numbers
00467780 B numbluectfstarts
00467788 B numcoopstarts
004c5414 b numcustomtranslations
004324ca B numDemos
0045bdb4 B numdescriptions
0046778c B numdmstarts
00445184 B numemblems
00445180 B numextraemblems
0047b288 B numffloors
004324d6 B numgameovers
00464860 B numhuntemeralds
003cc7c0 d numlaps_cons_t
00342570 t NumLaps_OnChange
00466adc B numlevelflats
004677f0 B numlines
0042c7f0 B nummaprings
004677e8 B nummapthings
004677f4 B numnodes
004c7968 b numofchannels
00488fe0 b numopenings
004c542c b numpaletteremaps
00427990 b numpics
00466a9c B numPolyObjects
00467d88 B numpolys
00467784 B numredctfstarts
0045bd08 b numsaves
004677fc B numsectors
00467800 B numsegs
00466974 B numshields
004677ec B numsides
004273f8 B numskincolors
004890d8 B numskins
004c78d0 B numsoundtestdefs
0046b2e4 B numspritelumps
0048e618 B numsprites
004677b8 B numstarposts
004677f8 B numsubsectors
004c5410 B numtextures
004890c0 b numthicksides
00467804 B numvertexes
0048b3e4 B numvisiblesprites
004c9fe4 B numwadfiles
00466ae0 B numwaypoints
004177f8 b object.0
0044456c B objectplacing
004444c8 B objectsdrawn
00433400 b old_m_h
00433404 b old_m_w
004333fc b old_m_x
004333f8 b old_m_y
003b3670 d old_spr2
0042c2e8 b oldcmd
0045c2c8 b oldendPos
00443be0 b oldenterprecise
004265d4 b oldentertics
00443bd8 b oldentertics
004c5698 b oldentertics.1
0042bfa8 b oldghost
0042c148 b oldmetal
004db068 b oldsendbyte.0
0045c2c0 b oldtic.12
003b28dc d oldview
0046c898 b oldview_invalid
003ce438 r one
003678e8 d onecontrolperkey_cons_t
00467a14 b onground
0036f278 D OP_BanpyuraOptionsDef
00368df0 d OP_BanpyuraOptionsMenu
00369650 d OP_Camera2ExtendedOptionsMenu
0036f458 D OP_Camera2OptionsDef
003699c0 d OP_Camera2OptionsMenu
00369808 d OP_CameraExtendedOptionsMenu
0036f480 D OP_CameraOptionsDef
00369ab0 d OP_CameraOptionsMenu
0036f598 D OP_ChangeControlsDef
00369ee0 d OP_ChangeControlsMenu
0036f3b8 D OP_ColorOptionsDef
00369108 d OP_ColorOptionsMenu
00444564 B op_currentdoomednum
00444568 B op_currentthing
001bad90 t OP_CycleThings
0036f340 D OP_DataOptionsDef
00368f70 d OP_DataOptionsMenu
00444560 B op_displayflags
0036f2f0 D OP_EraseDataDef
00368ac8 d OP_EraseDataMenu
00368200 d op_flags_t
001bd4f8 T OP_FreezeObjectplace
003681e8 d op_hoopflags_t
0036f4d0 D OP_Joystick1Def
00369dd8 d OP_Joystick1Menu
0036f4a8 D OP_Joystick2Def
00369cd0 d OP_Joystick2Menu
00368330 D OP_JoystickSetDef
0045bb48 b OP_JoystickSetMenu
0036f7c8 D OP_MainDef
0036a400 d OP_MainMenu
00368230 d op_mapthing_t
0036f2a0 D OP_MonitorToggleDef
003686a0 d OP_MonitorToggleMenu
0036f4f8 D OP_Mouse2OptionsDef
00369ba0 d OP_Mouse2OptionsMenu
0036f520 D OP_MouseOptionsDef
00369c40 d OP_MouseOptionsMenu
001bd568 T OP_ObjectplaceMovement
00444538 b op_oldcolor
00444550 b op_oldeflags
00444558 b op_oldflags1
00444554 b op_oldflags2
00444540 b op_oldheight
0044454c b op_oldmomx
00444548 b op_oldmomy
00444544 b op_oldmomz
0044455c b op_oldpflags
0044453c b op_oldstate
0036f250 D OP_P1BanpyuraOptionsDef
00368d50 d OP_P1BanpyuraOptionsMenu
0036f570 D OP_P1ControlsDef
0036a370 d OP_P1ControlsMenu
0036f228 D OP_P2BanpyuraOptionsDef
00368cb0 d OP_P2BanpyuraOptionsMenu
0036f548 D OP_P2ControlsDef
0036a2e0 d OP_P2ControlsMenu
0036f430 D OP_PlaystyleDef
00368318 d OP_PlaystyleMenu
001bd550 T OP_ResetObjectplace
0036f318 D OP_ScreenshotOptionsDef
00368b08 d OP_ScreenshotOptionsMenu
0036f2c8 D OP_ServerOptionsDef
003687a8 d OP_ServerOptionsMenu
0036f368 D OP_SoundAdvancedDef
00368fb0 d OP_SoundAdvancedMenu
0036f390 D OP_SoundOptionsDef
00369000 d OP_SoundOptionsMenu
00368218 d op_speed_t
0036f3e0 D OP_VideoModeDef
00369378 d OP_VideoModeMenu
0036f408 D OP_VideoOptionsDef
00369390 d OP_VideoOptionsMenu
0012ced8 T open
0045ed5c B openbottom
0045ed48 B openbottomslope
0045ed40 B openceilingrover
0012ca48 T opendir
0045ed44 B openfloorrover
00488fdc b openings
0045ed58 B openrange
00415280 b openSlot
0045ed60 B opentop
0045ed4c B opentopslope
00410020 r opposite
00433a8c B orangemap
004443d0 b orngstat
00364200 D osdsrc
003506c0 t output.constprop.0
0048ad90 b overflowsprite
00466a7c b overlaycap
004e7b98 b own.0
002b0e88 t P_2dMovement
002a3048 t P_3dMovement
00289750 t P_AddAirbob
00278998 t P_AddBinaryMapTagsFromLine
002888b8 t P_AddExecutorDelay
0028b6a0 t P_AddFakeFloor
0028bee0 t P_AddFakeFloorsByLine
00281500 T P_AddGradesForMare
00281a78 T P_AddLevelFlatRuntime
002818b8 T P_AddNiGHTSTimes
002ac060 T P_AddPlayerScore
00225ee0 t P_AddPrecipSecnode
00289868 t P_AddRaiseThinker
00225cd0 t P_AddSecnode
0029b0d0 T P_AddThinker
002864e8 T P_AddWadFile
00280cc8 T P_AddWaypoint
0023c6b0 T P_AdjustMobjFloorZ_FFloors
0023c268 t P_AdjustMobjFloorZ_FFloors.part.0
00236b88 t P_AdjustMobjFloorZ_PolyObjs.isra.0
002409a0 T P_AfterPlayerSpawn
002812b0 T P_AllocMapHeader
00236ed8 t P_AllowMobjSpawn
00295d78 T P_ApplyFlatAlignment
002fad10 T P_ApplySuperFlagToSprite2
00231c00 T P_AproxDistance
0023eeb8 T P_Attract
0029f860 T P_AutoPause
001ee558 T P_BackupTables
0025d7d8 T P_BBoxInsidePolyobj
002a7818 T P_BlackOw
00233ee8 T P_BlockLinesIterator
002340c0 T P_BlockThingsIterator
0023df60 t P_Boss1Thinker
00247be0 t P_Boss3Thinker
002368c8 t P_Boss4DestroyCage.part.0
00236820 t P_Boss4MoveCage.part.0
00235be0 t P_Boss4MoveSpikeballs
00235988 t P_Boss4PinchSpikeballs
00249990 t P_Boss7Thinker
0023dd00 T P_BossTargetPlayer
0022f8b8 T P_BounceMove
00231ff8 T P_BoxOnLineSide
00238f18 t P_BumbleboreThink
002c5258 T P_ButteredSlope
0023d340 T P_CalcChasePostImg
002a2c78 T P_CalcHeight
002c1fb8 T P_CalculateSlopeNormal
002c2028 T P_CalculateSlopeVectors
00234e08 t P_CameraCheckHeat
00234d28 t P_CameraCheckWater
002323d0 T P_CameraLineOpening
0023d498 T P_CameraThinker
00217a88 T P_CanPickupEmblem
002179e0 T P_CanPickupItem
00293e90 T P_CanPlayerTrigger
0023c0e0 T P_CanRunOnWater
002316c8 T P_CeilingzAtPos
0029da90 t P_CheckBouncySectors
0029d4f8 t P_CheckBustableBlocks
00227f00 T P_CheckCameraPosition
0023bee0 T P_CheckDeathPitCollide
0023bb98 T P_CheckGravity
00231a70 t P_CheckIntercepts
001f13f8 T P_CheckMeleeRange
001f17a0 T P_CheckMissileRange
002461a0 T P_CheckMissileSpawn
00295910 T P_CheckMobjTrigger
00228ad0 T P_CheckMove
00293848 t P_CheckPlayer3DFloorTrigger
002186f0 T P_CheckPointLimit
00226d08 T P_CheckPosition
002260f0 t P_CheckPosition.part.0
002b0c20 t P_CheckQuicksand
00218a40 T P_CheckRacers
00230dd8 T P_CheckSector
00227a40 t P_CheckSectorHelper
002875e0 T P_CheckSight
0023bc38 T P_CheckSkyHit
0023c0b0 T P_CheckSolidLava
00218808 T P_CheckSurvivors
002182e8 T P_CheckTimeLimit
00227978 t P_CheckTouchingThinglist
002a5af0 t P_CheckUnderwaterAndSpaceTimer
00234258 T P_ClearBlockNodes
002178c8 T P_ClearStarPost
00231c40 T P_ClosestPointOnLine
00231e28 T P_ClosestPointOnLine3D
00241470 T P_ColorTeamMissile
00296270 T P_CompareSectorPortals
0029e6d0 t P_ConsiderAllGone.part.0
0027c0b8 t P_ConvertBinaryLinedefTypes
0027a830 t P_ConvertBinaryThingTypes
00287c70 t P_CopySectorPortalToLines
002c24f0 T P_CopySectorSlope
00278090 t P_CreateBlockMap
0023ffa8 T P_CreateFloorSpriteSlope
00231298 T P_CreatePrecipSecNodeList
00230f58 T P_CreateSecNodeList
00286718 t P_CrossBSPNode
0023a0f8 t P_CycleMobjState
0021db40 T P_DamageMobj
00281248 T P_DeleteFlickies
002816f0 T P_DeleteGrades
00230ed8 T P_DelPrecipSeclist
00230e58 T P_DelSeclist
002a2490 t P_DeNightserizePlayer
0023d270 T P_DestroyRobots
00286548 t P_DivlineSide
002afeb8 T P_DoAbilityBounce
0029aad8 t P_DoAutobalanceTeams
002341a0 T P_DoBlockThingsIterate
002afdf0 T P_DoBubbleBounce
0029e178 t P_DoBubbleBreath
002b6b90 t P_DoClimbing
002252b0 t P_DoFan
0029ef28 t P_DoFiring
002af118 T P_DoFollowMobj
002af230 T P_DoJump
002afbd0 T P_DoJumpShield
002b2b10 t P_DoJumpStuff
00217ba8 T P_DoMatchSuper
002ae720 T P_DoMetalJetFume
002acbd8 t P_DoNiGHTSCapsule
00217510 t P_DoNightsScore.part.0
002adbb0 T P_DoPityCheck
002a57c8 T P_DoPlayerExit
002a5690 T P_DoPlayerFinish
002a12c0 T P_DoPlayerPain
00287a70 t P_DoPortalCopyFromLine
001eff78 t P_DoRandomBoxChances
00287ef0 t P_DoScrollMove
002b1878 t P_DoSpinAbility
002a6368 T P_DoSpinDashDust
00228e38 T P_DoSpring
002a50f8 T P_DoSuperDetransformation
002a1c18 T P_DoSuperTransformation
002adc78 T P_DoTailsOverlay
0029b288 T P_DoTeamscrambling
0029c7b8 t P_DoTwinSpin
00241c70 t P_DragonbomberThink
0029c748 t P_DrainWeaponAmmo
001f0ad8 t P_DustRing.isra.0
002a7b78 T P_Earthquake
0023a258 t P_EggRobo1Think
002a6dd0 T P_ElementalFire
00217b40 T P_EmblemWasCollected
0023a8e8 T P_EmeraldManager
002a28f0 T P_EvaluateMusicStatus
002434c0 T P_ExplodeMissile
001f15d0 T P_FaceStabCheckMeleeRange
001f0840 t P_FaceStabFlume.part.0
0028a988 t P_FadeFakeFloor.isra.0
00225040 T P_FadeLight
00224f90 T P_FadeLightBySector
002246a0 t P_FadeLightBySector.part.0
0029c3d8 t P_FindAxis
0029eb60 t P_FindAxisTransfer.constprop.0
001f0308 t P_FindBossFlyPoint
002a8818 T P_FindEmerald
0028cdd0 T P_FindHighestCeilingSurrounding
0028caa0 T P_FindHighestFloorSurrounding
0028cd38 T P_FindLowestCeilingSurrounding
0028ca30 T P_FindLowestFloorSurrounding
0029ff28 T P_FindLowestMare
0028cb38 T P_FindNextHighestFloor
0028cc38 T P_FindNextLowestFloor
00287b60 t P_FindObjectTypeFromTag
00293b98 T P_FindPlayerTrigger
00241500 T P_FlashPal
00231530 T P_FloorzAtPos
00217710 t P_ForceFeed.part.0
002b7d70 T P_ForceLocalAngle
0029e900 t P_GetAxis
0029c840 t P_GetAxisPosition
0023e2f0 T P_GetClosestAxis
00280f90 T P_GetClosestWaypoint
00231958 T P_GetColormapFromSectorAt
002c4d10 T P_GetFFloorBottomZAt
00295c78 T P_GetFFloorByID
00295c38 T P_GetFFloorID
002c4c68 T P_GetFFloorTopZAt
00280db8 T P_GetFirstWaypoint
00281758 T P_GetGrade
001ed848 T P_GetInitSeed
002a1090 T P_GetJumpFlags
00280df0 T P_GetLastWaypoint
002c4db8 T P_GetLightZAt
002a8908 T P_GetLives
002411e0 T P_GetMapThingSpawnHeight
0029d340 t P_GetMinecartSector
0029e7c8 t P_GetMinecartSpecialLine.part.0
0023b6c0 T P_GetMobjGravity
002410a0 T P_GetMobjSpawnHeight
00240960 T P_GetMobjtype
00235d38 t P_GetMobjtypeSubstitute
0029fa98 T P_GetNextEmerald
00280f08 T P_GetNextWaypoint
002c1c28 T P_GetPlayerColor
002a6b18 T P_GetPlayerControlDirection
00280e60 T P_GetPreviousWaypoint
001ed838 T P_GetRandSeed
002c2d00 t P_GetReferenceSlopeForMidtexture
00281838 T P_GetScoreForGrade
002c4bd0 T P_GetSectorCeilingZAt
002c4b38 T P_GetSectorFloorZAt
00295dc8 T P_GetSectorGravityFactor
00231860 T P_GetSectorLightNumAt
002fadf0 T P_GetSkinSprite2
002fb080 T P_GetSkinSpritedef
002fb0e0 T P_GetSkinSpriteInfo
002c2a68 T P_GetSlopeZAt
002facf8 T P_GetSprite2StateFrame
002facd0 T P_GetStateSprite2
002c5020 T P_GetWallTransferMomZ
002c4aa0 T P_GetZAt
002abf58 T P_GiveCoopLives
0029fb18 T P_GiveEmerald
0029fda0 T P_GiveFinishFlags
002abd28 T P_GivePlayerLives
002a1fa0 T P_GivePlayerRings
002a1a50 T P_GivePlayerSpheres
00247998 T P_HandleMinecartSegments
002c5128 T P_HandleSlopeLanding
002817e0 T P_HasGrades
00216d58 t P_HitDeathMessages
002b25b0 T P_HomingAttack
00236d78 T P_InitCachedActions
00277f78 t P_InitializeSeg
00276ef0 t P_InitLevelSettings
0028c740 T P_InitPicAnims
00230e40 T P_Initsecnode
00295e18 T P_InitSectorPortals
002c2a50 T P_InitSlopes
00295ca8 T P_InitSpecials
0029b0a8 T P_InitThinkers
002a61b0 T P_InJumpFlipSector
002a6080 T P_InQuicksand
0023acf0 T P_InsideANonSolidFFloor
002a59f0 T P_InSpaceSector
0029eea8 T P_InstaThrust
0029f7a0 T P_InstaThrustEvenIn2D
00232128 T P_InterceptVector
002865f0 t P_InterceptVector2.isra.0
0020b918 T P_InternalFlickyBubble
0020bdb0 T P_InternalFlickyFly
0020c388 T P_InternalFlickyHop
0020aff8 T P_InternalFlickySpawn
00227ec0 T P_IsCameraNoclip
002810e8 T P_IsDegeneratedWaypointSequence
00293088 T P_IsFlagAtBase
002a4510 T P_IsLocalPlayer
002935e0 T P_IsMobjTouching3DFloor
0028bfd8 t P_IsMobjTouchingPlane.isra.0
00293930 T P_IsMobjTouchingPolyobj
00293550 T P_IsMobjTouchingSectorPlane
002a2b80 T P_IsObjectInGoop
002a2bc8 T P_IsObjectOnGround
00293e30 T P_IsPlayerValid
00295f28 T P_IsSectorPortalValid
001f14d0 T P_JetbCheckMeleeRange
00237980 t P_JetFume1Think
00218aa8 T P_KillMobj
0021d870 t P_KillPlayer
0023b4d8 t P_KillRingsInLava
00248778 t P_KoopaThinker
00292b88 T P_LinedefExecute
0022ea70 T P_LineIsBlocking
00232bb0 T P_LineOpening
00282370 t P_LoadAddon
00273148 T P_LoadGame
00282a78 T P_LoadLevel
00277560 t P_LoadLinedefs
00278d80 t P_LoadMapBSP
00282288 T P_LoadMusicsRange
00273848 T P_LoadNetGame
00278b40 t P_LoadSectors
0027a040 t P_LoadSidedefs
00282160 T P_LoadSoundsRange
002a8348 T P_LookForEnemies
002a7df0 T P_LookForFocusTarget
001f2118 T P_LookForPlayers
0029e980 t P_LookForRails
0023f498 T P_MaceRotate
0028a290 t P_MakeFOFBouncy.part.0
00231510 T P_MapEnd
002314e0 T P_MapStart
0029a458 T P_MixUp
0024ea98 t P_MobjBossThink
0023b160 T P_MobjCeilingZ
00246248 T P_MobjCheckWater
00236ea0 T P_MobjFlip
0023ade8 T P_MobjFloorZ
0025ca68 T P_MobjInsidePolyobj
0024bfa8 t P_MobjSceneryThink
00252eb0 T P_MobjThinker
00293788 t P_MobjTouching3DFloorSpecialFlag
0025c988 T P_MobjTouchingPolyobj
002939a0 T P_MobjTouchingSectorSpecialFlag
001f18b8 T P_Move
002a8d30 T P_MoveChaseCamera
00227e60 T P_MoveOrigin
002b8050 T P_MovePlayer
00240bd0 T P_MovePlayerToSpawn
00240ea8 T P_MovePlayerToStarpost
00269cb8 t P_NetArchiveThinkers
00264178 t P_NetUnArchivePlayers
0026c8a0 t P_NetUnArchiveThinkers
001f1b70 t P_NewChaseDir.part.0
00295e38 T P_NewSectorPortal
00239188 t P_NiGHTSDroneThink
002ac4c0 T P_NightserizePlayer
0023f420 t P_NightsItemChase
002a0390 t P_NightsTransferPoints
002a7528 T P_NukeEnemies
00235970 T P_NullPrecipThinker
0029cb60 t P_ParabolicMove
0028c0a8 T P_ParseAnimationDefintion
0028c528 T P_ParseANIMDEFSLump
00236a50 t P_ParseItemTypes
001ee3e8 T P_PatchInfoTables
00234270 T P_PathTraverse
002b4a88 T P_PlayerAfterThink
002a16d8 T P_PlayerCanDamage
002b7e68 T P_PlayerCanEnterSpinGaps
0021c390 T P_PlayerEmeraldBurst
0021cd28 T P_PlayerFlagBurst
002b7de0 T P_PlayerFullbright
002afff0 T P_PlayerHitFloor
002a10b8 T P_PlayerInPain
002956b8 T P_PlayerInSpecialSector
00246ec8 t P_PlayerMobjThinker
0029f8f0 T P_PlayerMoving
002955a8 t P_PlayerOnSpecial3DFloor
0021c7d0 T P_PlayerRingBurst
002b7f30 T P_PlayerShouldUseSpinHeight
002bd470 T P_PlayerThink
00293b78 T P_PlayerTouchingSectorSpecialFlag
0021aae0 T P_PlayerWeaponPanelOrAmmoBurst
0023c720 t P_PlayerZMovement.part.0
002a1ba8 T P_PlayJingle
002a1ad8 T P_PlayJingleMusic
002a1e38 T P_PlayLivesJingle
0025c8d8 T P_PointInsidePolyobj
00231b28 t P_PointOnDivlineSide.constprop.0
00231f58 T P_PointOnLineSide
002819d8 T P_PrecacheLevelFlats
00240468 T P_PrecipitationEffects
0029c0b8 T P_PreTicker
00277c40 t P_ProcessLinedefsAfterSidedefs
0028d278 t P_ProcessLineSpecial
00293f00 T P_ProcessSpecialSector
00293260 t P_ProcessTeamBase.part.0
0028a3d0 t P_ProcessZoomTube.part.0
00239b00 t P_PterabyteThink
00248da8 T P_PushableThinker
00241758 t P_PyreFlyBurn
002418a8 t P_PyreFlyThink
002c4e50 T P_QuantizeMomentumToSlope
00230d10 T P_RadiusAttack
00246048 T P_RailThinker
0023da70 T P_RainThinker
002177e8 T P_RampConstant
001ed6f8 T P_RandomByte
001ed6b8 T P_RandomFixed
001ed738 T P_RandomKey
001ed800 T P_RandomPeek
001ed798 T P_RandomRange
0026c790 T P_ReadINT16
0026c840 T P_ReadINT32
0026c708 T P_ReadSINT8
00270730 T P_ReadStringN
0026c740 T P_ReadUINT16
0026c7e0 T P_ReadUINT32
0026c6d0 T P_ReadUINT8
0023d8b8 T P_RecalcPrecipInSector
00281a90 T P_ReloadRings
002249b0 T P_RemoveLighting
00240010 T P_RemoveMobj
00237498 t P_RemoveMobj.part.0
00240078 T P_RemovePrecipMobj
002400c0 T P_RemoveSavegameMobj
0021a9e0 T P_RemoveShield
0029b148 T P_RemoveThinker
0029a9e0 T P_RemoveThinkerDelayed
002ab4a0 T P_ResetCamera
001ee830 T P_ResetData
0028b400 t P_ResetFakeFloorFader
002a1140 T P_ResetPlayer
00217960 T P_ResetStarposts
0025abc8 T P_RespawnSpecials
00281f68 T P_RespawnThings
002a8b20 T P_RestoreMultiMusic
002a2ad0 T P_RestoreMusic
002a2148 t P_RestoreMusic.part.0
0029f800 T P_ReturnThrustX
0029f830 T P_ReturnThrustY
002c4eb8 T P_ReverseQuantizeMomentumToSlope
0021d410 t P_RingDamage
0023bcc0 T P_RingXYMovement
0023d100 T P_RingZMovement
00236d98 T P_RunCachedActions
00292918 T P_RunDeNightserizeExecutors
00292a88 T P_RunNightsCapsuleTouchExecutors
00292860 T P_RunNightserizeExecutors
002929d0 T P_RunNightsLapExecutors
0023fc48 T P_RunOverlays
0023fb60 T P_RunShields
002829a8 T P_RunSOC
00291698 T P_RunTriggerLinedef
002707b8 T P_SaveGame
00270a80 T P_SaveNetGame
00234f00 t P_SceneryCheckWater
0024bd90 T P_SceneryThinker
0022e828 T P_SceneryTryMove
002360f8 t P_SceneryXYFriction
0023bd80 T P_SceneryXYMovement
0024b7a8 T P_SceneryZMovement
00211f88 t P_SectorCheckWater.isra.0
002960c8 T P_SectorGetCeilingPortal
00296090 T P_SectorGetFloorPortal
002961b8 T P_SectorHasCeilingPortal
00296100 T P_SectorHasFloorPortal
00295fb0 T P_SectorHasPortal
00241430 T P_SetBonusTime
002811a8 T P_SetDemoFlickies
002b6ad0 T P_SetLocalAngle
00237f60 T P_SetMobjState
002378c0 T P_SetMobjStateNF
002a44c0 T P_SetObjectMomZ
00227e80 T P_SetOrigin
0023bc30 T P_SetPitchRollFromSlope
002af188 T P_SetPlayerAngle
002a4a40 T P_SetPower
00233e70 T P_SetPrecipitationThingPosition
001ed858 T P_SetRandSeed
0023e420 T P_SetScale
0029b160 T P_SetTarget2
00233998 T P_SetThingPosition
00233d90 T P_SetUnderlayPosition
00281ef0 T P_SetupLevelSky
00292d48 T P_SetupSignExit
00234ba8 t P_SetupStateAnimation
001f0960 t P_SharpDust.part.0
0021d6b0 t P_ShieldDamage
0023e6b0 t P_ShieldLook
0029d180 t P_ShootLine
001f1690 T P_SkimCheckMeleeRange
0026c678 T P_SkipString
0022f4a0 T P_SlideCameraMove
0022fe58 T P_SlideMove
002c2a18 T P_SlopeById
002c4f38 T P_SlopeLaunch
001efaa0 t P_SnapperLegPlace
0023d910 T P_SnowThinker
002249f0 T P_SpawnAdjustableFireFlicker
00224d90 T P_SpawnAdjustableGlowingLight
00224c30 T P_SpawnAdjustableStrobeFlash
0024a9b8 T P_SpawnAlteredDirectionMissile
002a4a80 T P_SpawnGhostMobj
00249038 T P_SpawnHoop
0025b028 t P_SpawnItemCircle
0025b400 T P_SpawnItemPattern
0025acd8 t P_SpawnItemRow
00224b68 T P_SpawnLightningFlash
0025a8c8 T P_SpawnMapThing
002772e0 t P_SpawnMapThings
0024afb0 T P_SpawnMissile
00242260 T P_SpawnMobj
00256948 t P_SpawnMobjFromMapThing
00241528 T P_SpawnMobjFromMobj
00247440 T P_SpawnParaloop
00289578 t P_SpawnPlaneScroller
002563b0 T P_SpawnPlayer
0024acd8 T P_SpawnPointMissile
00240178 T P_SpawnPrecipitation
00235f18 t P_SpawnPrecipMobj
002a4578 T P_SpawnShieldOrb
002a7328 T P_SpawnSkidDust
002c2e20 T P_SpawnSlopes
0029ec70 t P_SpawnSparks
00296318 T P_SpawnSpecials
002a5660 T P_SpawnSpinMobj
002a4e20 t P_SpawnSpinMobj.part.0
002a5348 T P_SpawnThokMobj
00249698 T P_SpawnXYZMissile
0021d110 T P_SpecialStageDamage
002ab810 T P_SpectatorJoinGame
0024b418 T P_SPMAngle
002acaa8 T P_StealPlayerScore
0023e1f8 T P_SupermanLook4Players
002a62c8 T P_SuperReady
002a7910 T P_SwitchShield
00281d28 T P_SwitchSpheresBonusMode
0028ce68 T P_SwitchWeather
002a6970 T P_Telekinesis
0029a6b8 T P_Teleport
00227d30 t P_TeleportMove.isra.0
0029ebe0 T P_Thrust
0029b370 T P_Ticker
0021f9f0 T P_TouchSpecialThing
00217eb8 T P_TouchStarPost
002a01b8 T P_TransferToAxis
0029fff8 T P_TransferToNextMare
00228620 T P_TryCameraMove
00228ba0 T P_TryMove
00248ac0 t P_TurretThink
002a6698 T P_TwinSpinRejuvenate
00233970 T P_UnsetPrecipThingPosition
00233870 T P_UnsetThingPosition
002c2af0 t P_UpdateSolidMidtextureSlope
00295b78 T P_UpdateSpecials
001efd70 t P_VultureHoverParticle
00280c58 T P_WaypointRowAlloc
00236ec8 T P_WeaponOrPanel
00279f10 t P_WriteDuplicateText
00269170 T P_WriteINT16
002692f8 T P_WriteINT32
00269bf0 T P_WriteMem
00279f90 t P_WriteSfx.part.0
00269018 T P_WriteSINT8
00269b18 T P_WriteString
00281de0 T P_WriteThings
002690b8 T P_WriteUINT16
00269228 T P_WriteUINT32
00268f78 T P_WriteUINT8
00243a28 T P_XYMovement
00245fd8 T P_ZMovement
00244ab0 t P_ZMovement.part.0
003cf140 r p05.0
0046c9c0 b p1view_new
0046c9f0 b p1view_old
0046c960 b p2view_new
0046c990 b p2view_old
00422d40 b packet.0
004db078 b packetdropquantity
004db070 b packetdroprate
004e1470 B packetheaderlength
00414538 r packettypename
004e60c0 b padbuf
00100588 t padGetReqState
001022b0 T padGetState
00102778 T padInfoAct
00102420 T padInfoMode
00101bd8 T padInit
00415590 b padInitialised
004e6070 b padlib
0034c298 t PadLib.part.0
00352b90 D padman_irx
00101f50 T padPortOpen
00102178 T padRead
00102958 T padSetActAlign
00102a78 T padSetActDirect
00102678 T padSetMainMode
00100660 t padSetReqState.constprop.0.isra.0
00415540 b padsif
00415400 b PadState
0042bf84 b paldiv
0030f200 T PaletteRemap_Add
0030e3c0 t PaletteRemap_Apply
0030f710 T PaletteRemap_Init
004c5430 b paletteremaps
004c7810 b palname.0
003652fc D pandf
0030e258 t ParseDecimal
004c5420 b parsedTranslationListHead
004c541c b parsedTranslationListTail
0030e208 t ParseNumber
00351d20 d patch.0
003113a0 T Patch_CalcDataSizes
003115b0 T Patch_CreateFromDoomPatch
0000d50f W patch_disable_prefix_check.c.187258bd
0000ce84 W patch_enable_lmb.c.f9a3a6b4
00311780 T Patch_Free
003111f8 t Patch_FreeData
003117b0 T Patch_FreeTags
00311380 t Patch_FreeTagsCallback
003117c0 T Patch_GenerateFlat
003121d0 T Patch_GetRotatedSprite
00311438 T Patch_MakeColumns
00146ba8 T PatchIsNeeded
00329870 T pathisdirectory
003cd618 d pause_cons_t
004c78d8 b pause_starttic
0042c3c4 B pausebreakkey
004324cf B paused
0042c3c8 B pausedelay
003cc148 d perfstats_cons_t
00433a7c B peridotmap
001491d8 T perror
0043253c B pickedchar
00427994 b picmode
00427998 b picnum
0042798c b pictoloop
003141a0 T Picture_Convert
003144a0 T Picture_CookedConvert
00314640 T Picture_CookedDimensions
00313a60 T Picture_FlatConvert
003137c0 T Picture_GetPatchPixel
00314460 T Picture_IsLumpCooked
00312d48 T Picture_PatchConvert
003142a8 T Picture_TextureToFlat
004279a0 b picxpos
0042799c b picypos
0033cd70 t pingcellcmp
003cbd74 D pingmeasurecount
004cab38 b pingtimeout
003cc4f0 d pingtimeout_cons_t
00444408 b pinkshield
003ce440 r PIo2
00232260 t PIT_AddLineIntercepts
002272f8 t PIT_ChangeSector
002257d8 t PIT_CheckCameraLine
002254c0 t PIT_CheckLine
0029c458 t PIT_CheckSolidsTeeter
0022e518 t PIT_CheckThing
0022a028 t PIT_DoCheckThing
001f0f00 t PIT_DustDevilLaunch
00225ff0 t PIT_GetPrecipSectors
00225de0 t PIT_GetSectors
001ef9b8 t PIT_MinusCarry
0022e540 T PIT_PushableMoved
002362b0 t PIT_PushThing
00225a88 t PIT_RadiusAttack
001f0460 t PIT_TNTExplode
0044440c b pityshield
00489014 b pixhigh
0048900c b pixhighstep
00489010 b pixlow
00489008 b pixlowstep
004ca9fc b pjoyx.0
0045970c b pjoyx.6
004caa00 b pjoyy.1
00459710 b pjoyy.7
00421c00 b pkt_table
00422fc0 b pktbuf
0047a4c0 b planeheight
00476898 b planeripple
0047a4c4 B planezlight
003cbc78 d playbackspeed_cons_t
0040f570 r player_arrow
0042c3f8 B player_name_changes
0042c478 B player_names
004cc050 B playeraddress
004cbac0 B playerinfo
004324a8 B playeringame
004cacb8 B playernode
004cabb8 B playerpingtable
0042dfa0 B players
003cc2d0 d playersforexit_cons_t
00467600 B playerstarts
00330ac8 T Playing
0045a80d b playstyle_activeplayer
0045a80c b playstyle_currentchoice
003682f0 D PlaystyleDesc
00368300 D PlaystyleNames
00276d18 t Ploadflat
004c78a4 B pLocalPalette
004333e4 b plr
004c78a0 B pMasterPalette
004596fc b pmousex.2
00459704 b pmousey.4
00444670 b pnamebuf.0
00444678 b pnamebuf.1
00467d80 B po_ptrs
004155a0 b poffThreadStack
003cc868 d pointlimit_cons_t
0033f788 t PointLimit_OnChange
004e43c8 B pointlimits
00144140 T PollSema
0034c0b8 t PollSlot
00466a98 B polyblocklinks
0025bc90 t Polyobj_addSeg
0025baf8 t Polyobj_addVertex
0025c3e0 t Polyobj_attachToSubsec.part.0
0025be10 t Polyobj_clipThings.part.0
0025c6e8 t Polyobj_doSlideDoor
0025c578 t Polyobj_doSwingDoor
0025d880 T Polyobj_GetForNum
0025eea8 T Polyobj_InitLevel
0025b790 t Polyobj_linkToBlockmap
0025f818 T Polyobj_MoveOnLoad
0025cb30 t Polyobj_moveXY.part.0
0025c2c0 t Polyobj_removeFromBlockmap.part.0
0025d0e0 t Polyobj_rotate.part.0
0025ba08 t Polyobj_rotateLine
0025b620 t Polyobj_slideThing
00466aa0 B PolyObjects
003a1f88 d pomovecount.0
00466a90 b pomovecount.1
00314ca8 t Portal_Add
00315630 T Portal_Add2Lines
00315830 T Portal_AddPlanePortals
00314de8 t Portal_AddSkybox
00315730 T Portal_AddTransferred
004c5690 B portal_base
004c568c B portal_cap
00315458 T Portal_ClipApply
003153c0 T Portal_ClipRange
00314a10 t Portal_ClipVisplane
00314f68 t Portal_GetViewpointForLine.isra.0
003150c0 t Portal_GetViewpointForSecPortal
00314ab8 t Portal_GetViewpointForSkybox
003153a0 T Portal_InitList
003155b0 T Portal_Remove
004c567c B portalclipend
004c5688 B portalclipline
004c5680 B portalclipstart
004c5684 B portalcullsector
004c5678 B portalline
004c5694 B portalrender
004e6078 b ports
0034bf88 t PostEvents
0042740c B postimgparam
00427404 B postimgparam2
00427410 B postimgtype
00427408 B postimgtype2
0045e9c8 B postthinkframe_hooks
0045e9c4 B postthinkframe_hooks_length
004e7874 b power_requested
0034d838 t PowerCallback
00003e72 W poweroff.c.9b03ddd5
003cdd70 d poweroff_allowed
004176a4 b poweroff_cb
004176a0 b poweroff_data
001004b8 t PowerOff_ee_rpc_handler
004e7873 b poweroff_forced
00351de0 D poweroff_irx
001019a0 T poweroffInit
00101b58 T poweroffSetCallback
00101b90 T poweroffShutdown
00100520 t PowerOffThread
00351dc8 d powerOffThreadId
003cc8c0 d powerupdisplay_cons_t
0048a778 B prastertab
00367710 D precache
003b4478 d precachesound
0045eca0 B precipsector_list
0045ece0 b preciptmbbox
00427980 b precutFLS
00427981 b precutresetplayer
00433460 b prefix.1
0040f5e0 r premiers.0
0045e9d8 B prethinkframe_hooks
0045e9d4 B prethinkframe_hooks_length
00420340 b prev_tzenv
0042c73e B prevmap
0045bb44 B prevMenuId
00444280 b prevsel.5
00444278 b prevtime.4
0030e350 t PrintError
00124918 T printf
00476884 B projection
00476880 B projectiony
00427e60 B promptactive
00367a16 d promptbgcolor
00433a64 B promptbgmap
00427e58 b promptblockcontrols
00427e5c b promptmo
00427e54 b promptpagetext
00427e5a b promptpostexectag
0046cad0 B ps_bsptime
0045ea40 B ps_checkposition_calls
003cc098 d ps_descriptor_cons_t
001eb2a8 t PS_DrawDescriptorHeader
001ebae0 t PS_DrawPerfRows
0045ea70 b ps_dynslopethcount
0045e9e0 B ps_frame_index
0045e9e8 B ps_frame_samples_left
0045eb70 b ps_frametime
001eb5e0 t PS_GetMetricAverage.isra.0
001eb718 t PS_GetMetricScreenValue.part.0
0046ca30 B ps_interp_frac
0046ca20 B ps_interp_lag
0045ea00 B ps_lua_mobjhooks
0045ea10 B ps_lua_postthinkframe_time
0045ea30 B ps_lua_prethinkframe_time
0045ea20 B ps_lua_thinkframe_time
0045eac0 b ps_mainthcount
0045eab0 b ps_mobjcount
0045ea80 b ps_nothinkcount
0046ca80 B ps_numbspcalls
0046ca60 B ps_numdrawnodes
0046ca50 B ps_numpolyobjects
0046ca70 B ps_numsprites
0045e9f0 B ps_otherlogictime
0046cb00 B ps_otherrendertime
001ed058 T PS_PerfStats_OnChange
0045eb50 B ps_playerthink_time
0045ead0 b ps_polythcount
0045ea60 b ps_precipcount
0046cb20 B ps_prevframetime
0045eaa0 b ps_regularcount
0045ea50 b ps_removecount
0046cb10 B ps_rendercalltime
003cc0f8 d ps_samplesize_cons_t
001ed108 T PS_SampleSize_OnChange
0045ea90 b ps_scenerycount
0046ca90 B ps_sw_maskedtime
0046caa0 B ps_sw_planetime
0046cab0 B ps_sw_portaltime
0046cac0 B ps_sw_spritecliptime
0046cae0 B ps_swaptime
0045eae0 b ps_thinkercount
0045eb40 B ps_thinkertime
0045eaf0 B ps_thlist_times
0045e9dc B ps_tick_index
0045e9e4 B ps_tick_samples_left
0045eb60 B ps_tictime
0046caf0 B ps_uitime
001eb178 t PS_UpdateMetricHistory
001ec268 t PS_UpdateRowHistories
001ec3a8 T PS_UpdateTickStats
001bfd80 T PS2_FixedDivMag
00349b80 T PS2_HeapCapacity
0034cf88 T PS2_SOCNumber
004e7878 B ps2boot
0034e478 T PS2Boot_Exit
0034db70 T PS2Boot_Init
0034e468 T PS2Boot_PowerRequested
004e4ae0 B ps2gs_dbg_noswap
0034a730 T ps2gs_init
0034ab60 T ps2gs_present
0034ab50 T ps2gs_set_filter
0034aad0 T ps2gs_set_palette
0034a9f8 T ps2gs_shutdown
0034c930 T PS2Joy_Poll
0034ca28 T PS2Joy_Shutdown
0034cae8 T PS2Joy_WaitStart
003506a8 T PS2Mem_Init
003501c0 T PS2Mem_LibcFree
00350248 T PS2Mem_Line
00350310 T PS2Mem_Report
00350188 T PS2Mem_TagName
0034eaa8 T PS2Pad_Release
0034e5f8 T PS2Pad_Update
00350a60 T PS2Ref_Clock
00351c20 T PS2Ref_End
003507d0 t PS2Ref_End.part.0
00351668 T PS2Ref_Frame
00350870 T PS2Ref_Init
003514f0 T PS2Ref_Lumps
003509c0 T PS2Ref_Number
00350ad0 T PS2Ref_Tic
001491e8 T ps2time
00331ba8 T PT_AskInfo
00331b10 T PT_AskInfoViaMS
0033b7d0 T PT_CanReceiveGamestate
00338b98 T PT_ClientCmd
003312e0 T PT_ClientJoin
0034d500 T PT_FileAck
0034d510 T PT_FileFragment
0034d508 T PT_FileReceived
003384f8 T PT_MoreFilesNeeded
00338450 T PT_PlayerInfo
0033b870 T PT_ReceivedGamestate
0034d548 T PT_RequestFile
00338708 T PT_ServerCFG
00338218 T PT_ServerInfo
003385b8 T PT_ServerRefuse
003391e0 T PT_ServerTics
00331b18 T PT_TellFilesNeeded
0033a620 T PT_TextCmd
0033b8c0 T PT_WillResendGamestate
00414f18 b pte_cleanupKey
00414f0c b pte_cond_list_lock
00414f08 b pte_cond_test_init_lock
00351d10 d pte_errorcheck_mutexattr
00351d00 d pte_errorcheck_mutexattr_s
00100eb8 t pte_mutex_check_need_init
00010d19 W pte_mutex_check_need_init.c.399fb7df
00414f10 b pte_mutex_test_init_lock
00010fc7 W pte_new.c.4e253fb2
001499d0 T pte_osAtomicCompareExchange
00149970 T pte_osAtomicExchange
00149598 T pte_osInit
001496d0 T pte_osMutexCreate
00149cb0 T pte_osMutexDelete
00149770 T pte_osMutexLock
00149790 T pte_osMutexUnlock
001497b0 T pte_osSemaphoreCreate
00149850 T pte_osSemaphoreDelete
001498d0 T pte_osSemaphorePend
00149870 T pte_osSemaphorePost
00149670 T pte_osTerminate
001496c8 T pte_osThreadGetDefaultPriority
00149690 T pte_osThreadGetHandle
001496a8 T pte_osThreadGetMinPriority
00149698 T pte_osThreadSleep
00149c78 T pte_osTlsAlloc
00149ca8 T pte_osTlsFree
00149c48 T pte_osTlsGetValue
00149c08 T pte_osTlsSetValue
00414f20 b pte_processInitialized
00351d14 d pte_recursive_mutexattr
00351d08 d pte_recursive_mutexattr_s
000118c7 W pte_reuse.c.3fd9c7d7
00414f04 b pte_rwlock_test_init_lock
00414f1c b pte_selfThreadKey
00414f00 b pte_spinlock_test_init_lock
00414f14 b pte_thread_reuse_lock
00351d18 d pte_threadReuseTop
00012386 W pte_tkAssocCreate.c.cd993a7e
00010921 W pte_tkAssocDestroy.c.6338a94d
00149d50 T pteTlsFree
00149cd0 T pteTlsGetValue
00149bd8 T pteTlsGlobalDestroy
00149a40 T pteTlsGlobalInit
00149aa0 T pteTlsThreadInit
00010615 W pthread_equal.c.5144aec2
00011cb1 W pthread_getspecific.c.51f883a4
00104618 T pthread_init
0000ea69 W pthread_init.c.2a323a01
0000f1b9 W pthread_key_create.c.fbfdfe9f
0000f41e W pthread_key_delete.c.1d268f31
00101550 t pthread_key_delete.isra.0
0000fb51 W pthread_mutex_destroy.c.08577555
00012788 W pthread_mutex_init.c.cf3b810f
00101008 t pthread_mutex_lock
0000fdcb W pthread_mutex_lock.c.0b9b124f
00010058 W pthread_mutex_trylock.c.77869577
00101418 t pthread_mutex_unlock
0000f904 W pthread_mutex_unlock.c.9a0e440f
00010250 W pthread_self.c.4f715d45
001011c0 t pthread_self.part.0
00011e6a W pthread_setspecific.c.530ef92c
00104830 T pthread_terminate
0000ed3f W pthread_terminate.c.725ba446
00225958 t PTR_SlideCameraTraverse
0022ebd0 t PTR_SlideTraverse
00433a84 B purplemap
00466970 b pushmobj
0034e530 t PutAxis
00124aa0 T putc
0034d1d0 T PutFileNeeded
00124d98 T puts
00459808 b qbuf.15
001201e8 T qsort
0042d888 B quake
004c78dc b queue_fadeinms
004c78e6 b queue_flags
004c78e4 b queue_looping
004c78e8 b queue_name
004c78e0 b queue_position
004e4648 b quit_funcs
004e4538 b quiting.4
0045bdc0 B quitmsg
003682b8 D QuitScreenMessages
0040fe38 r quitsounds
0013ebe8 t quorem
002caea0 T R_AddColormaps
002c96c0 T R_AddColormapToList
0030f510 T R_AddCustomTranslation
002c6f18 t R_AddLine
002e02e0 T R_AddMobjInterpolator
0030bb68 t R_AddSinglePatchTexture
00301880 T R_AddSingleSpriteDef
002fb960 T R_AddSkins
00302240 T R_AddSpriteDefs
00304d68 T R_AddSprites
0030bcc8 t R_AllocateTextures
002dfac8 T R_ApplyLevelInterpolators
0030f160 t R_ApplyTranslationRemap
002e1e50 T R_ApplyViewMorph
002cd058 T R_BlendLevelVisible
002cbe48 t R_CalcSlopeLight
002e4840 t R_CalculatePlaneRipple
002ebb00 t R_CalculateRippleOffset
002c9700 T R_CheckDefaultColormap
002c9fe8 T R_CheckEqualColormaps
0030df78 T R_CheckFlatNumForName
002ef648 T R_CheckPlane
0030cd28 T R_CheckPowersOfTwo
002c7e20 t R_CheckSectorLightLists.part.0
0030cd78 T R_CheckSolidColorFlat
0030cba0 T R_CheckTextureCache
0030dd00 T R_CheckTextureNumForName
002e17f8 T R_CheckViewMorph
002c6548 T R_ClearClipSegs
002c6530 T R_ClearDrawSegs
002ed270 T R_ClearFFloorClips
002dfa20 T R_ClearLevelInterpolatorState
002ed2e0 T R_ClearPlanes
002f1bc0 T R_ClearSegTables
00302a20 T R_ClearSprites
0030dc78 T R_ClearTextureNumCache
002c6380 t R_ClipSolidWallSegment
00303ae8 T R_ClipSprites
002ca148 T R_CopyColormap
0030d590 t R_CountTextures
0030d420 T R_CountTexturesInTEXTURESLump
002ca268 T R_CreateColormap
002ca3f8 T R_CreateColormapFromLinedef
002c9ec0 T R_CreateDefaultColormap
003006b8 t R_CreateDrawNode
002cb4a8 t R_CreateFadeColormaps
002df8d0 T R_CreateInterpolator_DynSlope
002df760 T R_CreateInterpolator_Polyobj
002df648 T R_CreateInterpolator_SectorPlane
002df698 T R_CreateInterpolator_SectorScroll
002df718 T R_CreateInterpolator_SideScroll
002c9e68 T R_CreateLightTable
002e0200 T R_DestroyLevelInterpolators
002e17a0 T R_DoCulling
002ce218 T R_Draw2sMultiPatchColumn_8
002ce478 T R_Draw2sMultiPatchTranslucentColumn_8
0030a8f8 t R_DrawBlendColumnInCache
0030aaa8 t R_DrawBlendFlippedColumnInCache
002cdd20 T R_DrawColumn_8
002cdf68 T R_DrawColumnClamped_8
0030a7f0 t R_DrawColumnInCache
002d6008 T R_DrawColumnShadowed_8
002cede0 T R_DrawDropShadowColumn_8
0030a6d0 t R_DrawFlippedColumnInCache
00300898 T R_DrawFlippedMaskedColumn
00302a40 T R_DrawFlippedPost
00300798 t R_DrawFlippedPost.part.0
002f0148 t R_DrawFlippedWall
002fd408 T R_DrawFloorSplat
002d3190 T R_DrawFloorSprite_8
002da9f8 T R_DrawFloorSprite_NPO2_8
002d5f58 T R_DrawFogColumn_8
002d58c8 T R_DrawFogSpan_8
00308d58 T R_DrawMasked
002ff680 T R_DrawMaskedColumn
002efca8 t R_DrawNoWall
002ef8c0 T R_DrawPlanes
002efc88 t R_DrawRegularWall
002efcb0 t R_DrawRepeatFlippedMaskedColumn
002efe48 t R_DrawRepeatMaskedColumn
002ce740 T R_DrawShadeColumn_8
002efa60 T R_DrawSinglePlane
002ec848 t R_DrawSinglePlane.part.0
002ec590 t R_DrawSkyPlane
002d5a88 T R_DrawSolidColorSpan_8
002cf2b8 T R_DrawSpan_8
002d6268 T R_DrawSpan_NPO2_8
002d27e0 T R_DrawSplat_8
002da588 T R_DrawSplat_NPO2_8
0030a470 T R_DrawThingBoundingBox
002d3c90 T R_DrawTiltedFloorSprite_8
002daea0 T R_DrawTiltedFloorSprite_NPO2_8
002d59c0 T R_DrawTiltedFogSpan_8
002d5bb0 T R_DrawTiltedSolidColorSpan_8
002cf700 T R_DrawTiltedSpan_8
002d6498 T R_DrawTiltedSpan_NPO2_8
002d1420 T R_DrawTiltedSplat_8
002d8550 T R_DrawTiltedSplat_NPO2_8
002d4518 T R_DrawTiltedTranslucentFloorSprite_8
002dbdd0 T R_DrawTiltedTranslucentFloorSprite_NPO2_8
002d0070 T R_DrawTiltedTranslucentSpan_8
002d74f0 T R_DrawTiltedTranslucentSpan_NPO2_8
002d1dc8 T R_DrawTiltedTranslucentSplat_8
002d9538 T R_DrawTiltedTranslucentSplat_NPO2_8
002d5c80 T R_DrawTiltedTransSolidColorSpan_8
002d5e50 T R_DrawTiltedWaterSolidColorSpan_8
002d0a20 T R_DrawTiltedWaterSpan_8
002dd218 T R_DrawTiltedWaterSpan_NPO2_8
002cf1a8 T R_DrawTranslatedColumn_8
002ceec0 T R_DrawTranslatedTranslucentColumn_8
002ce858 T R_DrawTranslucentColumn_8
002cead8 T R_DrawTranslucentColumnClamped_8
002d3698 T R_DrawTranslucentFloorSprite_8
002dac40 T R_DrawTranslucentFloorSprite_NPO2_8
002d4e08 T R_DrawTranslucentSpan_8
002dcd68 T R_DrawTranslucentSpan_NPO2_8
002d2c60 T R_DrawTranslucentSplat_8
002da7b0 T R_DrawTranslucentSplat_NPO2_8
002d5ae8 T R_DrawTransSolidColorSpan_8
00302c60 t R_DrawVisSprite
002d5d68 T R_DrawWaterSolidColorSpan_8
002d5368 T R_DrawWaterSpan_8
002dcfa0 T R_DrawWaterSpan_NPO2_8
002e2100 T R_ExecuteSetViewSize
002ef878 T R_ExpandPlane
002c65c8 T R_FakeFlat
002f02c0 t R_FFloorCanClip
0030f3f0 T R_FindCustomTranslation
002ed498 T R_FindPlane
002cda68 T R_FlushTranslationColormapCache
002cc8d0 T R_GenerateBlendTables
002c9870 T R_GenerateLightTable
0030bf70 T R_GenerateTexture
002cd378 t R_GenerateTranslationColormap
002ccee0 T R_GetBlendTable
0030a3b0 T R_GetBoundingBoxColor
00311188 T R_GetBuiltInTranslation
002cdac0 T R_GetColorByName
002c9858 T R_GetColormapFromList
002c9780 T R_GetColormapFromListByValues
0030cbd0 T R_GetColumn
002c9fa8 T R_GetDefaultColormap
002e16b8 T R_GetFFloorLine
002e1718 T R_GetFFloorSide
0030ccf8 T R_GetFlat
0030d138 T R_GetFlatBits
0030c998 T R_GetFlatForTexture
0030cdb0 T R_GetFlatSize
002fb4b0 T R_GetForcedSkin
002de740 T R_GetFramerateCap
002c80d8 T R_GetPlaneLight
00311838 T R_GetRollAngle
00303630 T R_GetShadowZ
002fb158 T R_GetSkinAvailabilities
00301810 T R_GetSpriteNumByName
002cdb80 T R_GetSuperColorByName
0030cb58 T R_GetTextureNum
0030ccd8 T R_GetTextureNumForFlat
002cd0b0 T R_GetTranslationColormap
00302a58 T R_GetTranslationForThing
00310ec8 T R_GetTranslationRemap
002cce20 T R_GetTranslucencyTable
002e2410 T R_Init
002cb898 T R_InitData
00303ad0 T R_InitDrawNodes
002df998 T R_InitializeLevelInterpolators
002e04e0 T R_InitMobjInterpolators
002fb148 T R_InitSkins
003027e8 T R_InitSprites
002ccbc8 T R_InitTranslucencyTables
002cdc90 T R_InitViewBuffer
002ffd28 t R_InstallSpriteLump
002def58 T R_InterpolateMobjState
002df3e8 T R_InterpolatePrecipMobjState
002de820 T R_InterpolateView
002c6cd0 T R_IsEmptyLine
002e2518 T R_IsPointInSector
002cc388 t R_LazyBlendTable
0030f280 T R_LoadParsedTranslations
002faa28 t R_LoadSkinSprites
003148e8 T R_LoadSpriteInfoLumps
0030dba0 T R_LoadTextures
0030db38 T R_LoadTexturesPwad
002e49b8 t R_MapFogPlane
002ebbf8 t R_MapPlane
002e48b8 t R_MapTiltedFogPlane
002ec390 t R_MapTiltedPlane
00300cd0 t R_NewVisSprite
0030ac78 t R_ParsePatch
003125c0 t R_ParseSpriteInfo
00314748 T R_ParseSPRTINFOLump
0030b648 t R_ParseTexture
0030d670 T R_ParseTEXTURESLump
0030fb18 T R_ParseTrnslate
002fc368 T R_PatchSkins
002efaa0 T R_PlaneBounds
002e2668 T R_PointInSubsector
002e2728 T R_PointInSubsectorOrNull
002e0df8 T R_PointOnSegSide
002e0d28 T R_PointOnSide
002e0ed8 T R_PointToAngle
002e1308 T R_PointToAngle2
002e10e0 T R_PointToAngle64
002e1698 T R_PointToDist
002e14e8 T R_PointToDist2
002c5ed0 t R_PolyobjCompare
002c5ee8 t R_PolysegCompare
002c6588 T R_PortalClearClipSegs
002cb9b0 T R_PrecacheLevel
002c7a60 T R_Prep3DFloors
002f9950 t R_ProcessPatchableFields
00300d88 t R_ProjectBoundingBox
002fc980 T R_RefreshSprite2
002e3e30 T R_RegisterEngineStuff
002cb758 T R_ReInitColormaps
002e0480 T R_RemoveMobjInterpolator
002efb08 t R_Render2sidedMultiPatchColumn
002c8170 T R_RenderBSPNode
002effd8 t R_RenderFlipped2sidedMultiPatchColumn
0047684d B r_renderfloors
002f1be8 T R_RenderMaskedSegRange
002e36a0 T R_RenderPlayerView
002c90e0 T R_RenderPortalHorizonLine
002f0310 t R_RenderSegLoop
002f2d00 T R_RenderThickSideRange
0047684c B r_renderthings
0047684e B r_renderwalls
002e0500 T R_ResetMobjInterpolationState
002e0680 T R_ResetPrecipitationMobjInterpolationState
002dede8 T R_ResetViewInterpolation
002dffe8 T R_RestoreLevelInterpolators
002f0160 t R_ScaleFromGlobalAngle
0030d220 T R_SetFlatVars
002e0768 t R_SetFov
002efa18 T R_SetScaledSlopePlane
002fce00 T R_SetSkyScale
002e4ad8 t R_SetSlopePlaneVectors
002e3048 T R_SetupFrame
002fcf20 T R_SetupSkyDraw
002dee40 T R_SetViewContext
002e0748 T R_SetViewSize
00300b10 t R_SkewShadowSprite.constprop.0
002fb410 T R_SkinAvailable
002cc8a0 T R_SkinTranslationToCacheIndex
002fb1e0 T R_SkinUsable
002e2878 T R_SkyboxFrame
002c7920 T R_SortPolyObjects
00301290 t R_SortVisSprites.constprop.0
00311830 T R_SpriteRotationAngle
002f48b8 T R_StoreWallRange
0030dee8 T R_TextureNumForName
0030a580 T R_ThingBoundingBoxVisible
00304b50 T R_ThingOffsetOverlay
00304988 T R_ThingVisible
00304ab0 T R_ThingWithinDist
00311168 T R_TranslationIsValid
002df9b8 T R_UpdateLevelInterpolators
002e05f0 T R_UpdateMobjInterpolators
00311090 T R_UpdateTranslationRemaps
002dec70 T R_UpdateViewInterpolation
002de780 T R_UsingFrameInterpolation
00476850 B r_viewmobj
002e2d58 T R_ViewpointHasChasecam
00459b30 b ra_demoname
00444458 b race1
00444454 b race2
00444450 b race3
0044444c b racego
00444424 b railring
00141588 T raise
0011d1c0 T rand
003700b4 d randomseed
002fcf60 t rasterize_segment_tex
004890f8 b rastertab
00421400 b rdata_table
0012cf28 T read
003285b0 t ReadBlock
00328218 t ReadBytes
00159a18 T readconditionset
00153e78 T readcutscene
0018e728 t ReadDemoVar
0012cad0 T readdir
00158130 T reademblemdata
00158b30 T readextraemblemdata
001603d8 T readframe
00150740 T readfreeslots
00153220 T readgametype
003283b0 t ReadHeader
00157b18 T readhuditem
0015d3e8 T readlevelheader
0015a820 T readmaincfg
00156940 T readmenu
0018ca48 t ReadNetVar
0018e640 t ReadOldDemoVar
00312380 t ReadPixelFunc_Flat_16bpp
00312398 t ReadPixelFunc_Flat_32bpp
00312370 t ReadPixelFunc_Flat_8bpp
00313a58 t ReadPixelFunc_Patch
0014fc58 T readPlayer
0034be10 t ReadPort
00151e60 T readskincolor
00157de0 T readsound
00152ff0 T readsprite2
00152688 T readspriteinfo
00154c28 T readtextprompt
00150f88 T readthing
00159060 T readunlockable
0015c4a0 T readwipes
0011d260 T realloc
00349b48 W realpath
004cac38 B realpingtable
004265cc b realtics.7
004db05c b reasonhead
004db060 b reasontail
004e14ec b rebound_head
004e14e8 b rebound_tail
004e14f0 b reboundsize
004e1500 b reboundstore
002de3b0 t RecalculatePolyobjectSegAngles
0045bcc4 b recatkdrawtimer
002c2110 t ReconfigureViaVertexes
0045ed64 b recursion.0
004334b0 b recursion.2
00461ae0 b recursion.2
001064b0 t recv_intr
004674e8 B redctfstarts
0042d8b0 B redflag
00433a90 B redmap
0042c7f4 B redscore
004443cc b redstat
003b3750 d redwall.0
004dadd8 b reference_lag
00149dc0 T ReferThreadStatus
004ca9f8 B refreshdirmenu
00104950 t register_tm_clones
0033a0d0 T RegisterNetXCmd
00467790 B rejectmatrix
003cbdb0 d rejointimeout_cons_t
0034c228 t ReleaseSlot
00149f70 T ReleaseTimerAlarm
00124fe8 T remove
00348140 T RemoveAdminPlayer
0034d498 T RemoveAllLuaFileTransfers
00147e40 T RemoveDmacHandler
00144050 T RemoveIntcHandler
00476844 B renderdeltatics
004265d8 B rendergametic
003b3720 d renderhitbox_cons_t
00476840 B renderisnewtic
003cd770 D rendermode
00370000 D rendertime_rows
00476848 B rendertimefrac
003652f0 d rendertimeout.4
00488fc8 b repeatscroll
00422440 b reset_pkt.0
0042c390 b resetdown.1
0032e5a0 T ResetNode
003a1f20 d respawnitemtime_cons_t
003cd4a8 d respawntime_cons_t
004caa0c b resptime.2
0042bfa0 b restorecv_vidwait
00442b64 b resynch_ticker
003cbd00 d resynchattempts_cons_t
004e149c b retransmit
0042c854 b retrying
0042c853 b retryingmodeattack
00443008 B rflagico
0042d8a8 B rflagpoint
0036e6b0 d ringlimit_cons_t
00444418 b ringshield
00342830 t Ringslinger_OnChange
0030cec0 t Rloadflats
0030d888 t Rloadtextures
00443000 B rmatcico
004c5558 B rollcosang
004c5438 B rollsinang
004e6410 B room_list
0034d0d8 t RoomId_OnChange
00459ae8 B roomIds
00433a70 B rosymap
003118e8 T RotatedPatch_Create
00311968 T RotatedPatch_DoRotation
00146f70 T RotateThreadReadyQueue
003a2778 d rotation_cons_t
00116b90 T round
002e4140 t RQ_SinCos
0012d6a8 t rshift
004e6060 b rumble_end
004324cb B runemeraldmanager
00427982 b runningprecutscene
004890b4 B rw_angle1
00489080 b rw_bottomtexturemid
00489038 b rw_bottomtexturescalex
00489034 b rw_bottomtexturescaley
00489054 b rw_bottomtextureslide
00489018 b rw_bsilheight
00489024 b rw_ceilingmarked
004890a4 b rw_centerangle
004890b0 B rw_distance
00489025 b rw_floormarked
00489028 b rw_invbottomtexturescalex
00489030 b rw_invmidtexturescalex
0048902c b rw_invtoptexturescalex
00366430 D rw_maximums
00489050 b rw_midtextureback
0048904c b rw_midtexturebackslide
00489088 b rw_midtexturemid
00489048 b rw_midtexturescalex
00489044 b rw_midtexturescaley
00489058 b rw_midtextureslide
004890b8 B rw_normalangle
004890a0 b rw_offset
00489094 b rw_offset_bottom
00489098 b rw_offset_top
0048909c b rw_offsetx
00489090 b rw_scale
0048908c b rw_scalestep
00489020 b rw_silhouette
004890a8 b rw_stopx
00489084 b rw_toptexturemid
00489040 b rw_toptexturescalex
0048903c b rw_toptexturescaley
0048905c b rw_toptextureslide
0048901c b rw_tsilheight
004890ac b rw_x
00320640 t S_AddMusicStackEntry
003246f0 T S_AddSoundFx
003227a8 T S_AdjustMusicStackTics
0031fe50 t S_AdjustSoundParams.isra.0
003216f8 T S_CalculateSoundDistance
00323140 T S_ChangeMusicEx
00323db8 t S_ChangeMusicToQueue
003216a8 T S_ClearSfx
003243f8 T S_FadeMusicFromVolume
00324420 T S_FadeOutStopMusic
0031f818 t S_getChannel
003204e0 t S_GetMusicLumpNum
00322778 T S_GetMusicPosition
00322600 t S_GetMusicStackEntry.constprop.0
00322318 T S_InitMusicDefs
003245e8 T S_InitRuntimeSounds
003217f8 T S_InitSfxChannels
00321a20 T S_LoadMusicDefs
00322558 T S_MusicExists
00322548 T S_MusicName
00322540 T S_MusicPaused
00322900 T S_PauseAudio
00322370 T S_PrepareSoundTest
00323e38 T S_RecallMusic
003208d8 T S_RegisterSoundStuff
0031f6f0 t S_RemoveMusicStackEntry
003208a0 T S_ResetCaptions
00322960 T S_ResumeAudio
00322800 T S_RetainMusic
003243d0 T S_SetInternalMusicVolume
00322770 T S_SetMusicPosition
00322a18 T S_SetMusicVolume
00322780 T S_SetStackAdjustmentStart
003b4540 D S_sfx
00321780 T S_SoundPlaying
00322768 T S_SpeedMusic
00320bf8 T S_StartCaption
0031fa20 t S_StartCaption.part.0
00324438 T S_StartEx
00321480 T S_StartSound
00321300 t S_StartSound.part.0
00320c50 T S_StartSoundAtVolume
0031f778 t S_StopChannel
003243f0 T S_StopFadingMusic
0031fd80 T S_StopMusic
003214c0 T S_StopSound
00320b98 T S_StopSoundByNum
003209d8 T S_StopSounds
00321520 T S_UpdateClosedCaptions
00322bf8 T S_UpdateSounds
004e4acc b samples.0
003b3eb8 d saturation_cons_t
00466aa4 b save_errored
002695e0 t SaveCeilingThinker
00466ab8 B savedata
00269440 t SaveElevatorThinker
00260bd0 t SaveError
0045bd04 b savegameinfo
004272f0 B savegamename
004265b0 b saveline.0
004324d1 B savemoddata
002693c8 t SavePolymoveThinker
003682c4 d saveSlotSelected
0045bce8 b savselp
004444b4 B sbocolon
004444b0 B sboperiod
00444494 b sboredrings
00444490 b sboredtime
004444a4 b sborings
004444bc B sboscore
004444b8 B sbotime
0012cf40 T sbrk
004ca9e8 b sbuf
001044e0 T sbv_patch_disable_prefix_check
00104160 T sbv_patch_enable_lmb
00413ea0 r sc.1
00118ff0 T scalbn
004333e8 b scale_ftom
00367920 d scale_mtof
0046c874 B scaledviewwidth
00470b30 B scalelight
0044442c b scatterring
004200e4 B sceCdCallbackFunc
00116338 T sceCdInit
001492b8 T sceCdReadClock
004279a8 b scenenum
00147450 T sceSifAddCmdHandler
00144250 T sceSifBindRpc
001443c8 T sceSifCallRpc
00144ed0 T sceSifCheckStatRpc
00147010 T sceSifDmaStat
00147630 T sceSifExecRequest
00147418 T sceSifExitCmd
00144be0 T sceSifExitRpc
001475c0 T sceSifGetNextRequest
00144628 T sceSifGetOtherData
00147030 T sceSifGetReg
001474a8 T sceSifGetSreg
00147168 T sceSifInitCmd
00144a48 T sceSifInitRpc
00144c08 T sceSifRegisterRpc
00144cb0 T sceSifRemoveRpc
00144dd8 T sceSifRemoveRpcQueue
00144e88 T sceSifRpcLoop
001470f8 T sceSifSendCmd
00147e70 T sceSifSetDChain
00144170 T sceSifSetDma
00147020 T sceSifSetReg
00144d60 T sceSifSetRpcQueue
00146ff0 T sceSifStopDma
001441a0 T sceSifWriteBackDCache
0041f544 B sCmdNum
0041f9c0 B sCmdRecvBuff
00363a68 D sCmdSemaId
0041f580 B sCmdSendBuff
004c56c0 B scr_bpp
00316670 T SCR_CalculateFPS
00315b38 t SCR_ChangeFullscreen
00315b40 T SCR_ChangeRenderer
003162e0 T SCR_CheckDefaultMode
00316d50 T SCR_ClosedCaptions
003b38f8 d scr_depth_cons_t
00316cd0 T SCR_DisplayLocalPing
00317068 T SCR_DisplayMarathonInfo
00316780 T SCR_DisplayTicRate
003165a8 T SCR_IsAspectCorrect
00316220 T SCR_Recalc
003164f8 T SCR_SetDefaultMode
00315b80 T SCR_SetDrawFuncs
00316058 T SCR_SetMode
003161a0 T SCR_Startup
0042c744 B scramblecount
0042c788 B scrambleplayers
0042c748 B scrambleteams
0042c746 B scrambletotal
00367f70 d scrbuf_downscaleamt
004444e0 b scrbuf_linebegin
004444dc b scrbuf_lineend
004444e4 b scrbuf_pos
004444d8 b scrbuf_writeend
004c4ee8 B screenheightarray
004c78a8 B screens
0036fd88 d screenshot_cons_t
001d79f0 T Screenshot_option_Onchange
0045c2d0 b screenshot_palette
0041fe40 B searchFileRecvBuff
0041fe80 B searchFileSendBuff
00211b68 t SearchMarioNode
003b3548 d secbright_cons_t
0042df94 B secondarydisplayplayer
0046783c B secportalcapacity
00467840 B secportalcount
00467838 B secportals
0045eca4 B sector_list
004677dc B sectors
003cd410 d seenames_cons_t
0042c738 B seenplayer
0045ed68 b seenstate_tab.1
00461ae8 b seenstate_tab.3
004677e0 B segs
004890d3 b segtextured
00425d94 b semCtr.0
004e1494 b sendackpacket
004e1480 B sendbps
004e14a0 B sendbytes
0033ac98 T SendKick
0033b018 T SendKicksForNode
00346408 t SendNameAndColor
00345ee8 t SendNameAndColor2
0033a130 T SendNetXCmd
0033a1f8 T SendNetXCmd2
00347080 T SendWeaponPref
00347118 T SendWeaponPref2
003a2730 d sensitivity_cons_t
004e8e10 b seq
003cbd76 D server
004cbf40 B server_context
004596ec B serverGamedata
004d1b2c B serverisfull
004cc880 B serverlist
004cc878 B serverlistcount
001c6c08 t ServerListEntryComparator_gametypename
001c2fb8 t ServerListEntryComparator_maxplayer_reverse
001c3030 t ServerListEntryComparator_modified
001c2fe0 t ServerListEntryComparator_numberofplayer
001c3008 t ServerListEntryComparator_numberofplayer_reverse
001c3088 t ServerListEntryComparator_time
0045bd0c b serverlistpage
004334b4 b serverloading
003cbd70 D servermaxping
0034d070 t ServerName_CanChange
004caa1d B servernode
004cc048 B serverplayer
004cc04c B serverrunning
0036e8f8 d serversort_cons_t
00147148 t set_sreg
00125020 T setbuf
00320a80 t SetChannelsNum
00188c28 t setcontrol
00148f30 T setenv
00148abc T SetGP
00144030 T SetGsCrt
0012c450 T setlocale
004c56c8 B setmodeneeded
00148548 T SetNextComp
00146fc0 T SetOsdConfigParam
002fb660 T SetPlayerSkin
002fb7f8 T SetPlayerSkinByNum
004c56c4 B setrenderneeded
0046ca48 B setsizeneeded
002f9650 t SetSkin
0033f240 t SetSkinLocal
00148ee8 T SetT2
00148af8 T SetT2_COMP
00148ad8 T SetT2_COUNT
00148ae8 T SetT2_MODE
00147d98 T SetTimerAlarm
00146f00 T setup
0045bcdc b setupcontrols
0045bce0 b setupcontrols_secondaryplayer
001440d0 T SetupHeap
00459a20 b setupm_cvcolor
00459a14 b setupm_cvdefaultcolor
00459a18 b setupm_cvdefaultskin
00459a1c b setupm_cvname
00459a24 b setupm_cvskin
00459a0c b setupm_fakecolor
00459a10 b setupm_fakeskin
00459a68 b setupm_ip
00459a28 b setupm_name
0018cb80 t Setvalue
00125030 T setvbuf
004e57c0 b sfx_end
004e5fc0 b sfx_marker
003b4538 D sfxfree
004e9218 b sfxlog
003b3478 d shadow_cons_t
0042c7e6 B shareEmblems
00444268 b shieldoffs.2
00466978 B shields
004265df B shiftdown
00442f70 B shiftxform
003cc498 d showping_cons_t
004e4640 b shutdowning
004682bc B sidedef
004677cc B sides
00422f80 b sif_unused
003652ac d sif0_id
00146080 T SifAllocIopHeap
00145e50 T SifExecModuleBuffer
00146100 T SifFreeIopHeap
00145f48 T SifInitIopHeap
00146180 T SifIopReset
001462a8 T SifIopSync
001480c8 T SifLoadFileInit
00467820 b sightcounts
00141648 T signal
00144120 T SignalSema
001f0a18 t SignSkinCheck
004dadcc B simulated_lag
001168c8 T sin
0042c323 B singledemo
00427415 B singletics
003625e0 D sio2man_irx
001303f0 T siscanf
0035e504 D size_cdfs_irx
003652a8 D size_eenull
0035fb18 D size_fileXio_irx
003625dc D size_iomanX_irx
00364628 D size_osdsrc
0035bb28 D size_padman_irx
00352b84 D size_poweroff_irx
00363a5c D size_sio2man_irx
00365270 D size_srcfile
00364a54 D size_tlbsrc
001eac00 T sizeu1
0045be90 b sizeu1_buf.5
001eac38 T sizeu2
0045be70 b sizeu2_buf.4
001eac70 T sizeu3
0045be50 b sizeu3_buf.3
001eaca8 T sizeu5
0045be30 b sizeu5_buf.1
00346eb0 t Skin_CanChange
00346b48 t Skin_OnChange
00346fa0 t Skin2_CanChange
003463c0 t Skin2_OnChange
0036772a D skincolor_bluering
0036772e D skincolor_blueteam
0046c2b0 B skincolor_modified
0036772c D skincolor_redring
00367730 D skincolor_redteam
003700c8 D skincolors
0045eb90 b skincolorsbackup
0045eb80 b skincolorsbackupsize
004890d4 B skins
0036e9a0 d skins_cons_t
00433a60 b skips.7
0042d8b4 B skipstats
0042bf54 b skullAnimCounter
0036f88c d skullAnimCounter
0046c900 b sky1view_new
0046c930 b sky1view_old
0046c8a0 b sky2view_new
0046c8d0 b sky2view_old
00467848 B skyboxcenterpnts
004678c8 B skyboxmo
00467888 B skyboxviewpnts
004890f0 B skyflatnum
00433a88 B skymap
0045a7a8 B skyRoomMenuTranslations
004890e4 B skyscale
004890ec B skytexture
004890e8 B skytexturemid
003cd690 d sleeping_cons_t
001440c0 T SleepThread
0000e29d W slib.c.9fff2b86
00100ba0 t slib_get_exp_lib.constprop.0
0045ec8c b slidemo
004444a0 b slidgame
00444498 b slidover
0044449c b slidtime
00467a16 B slopecount
002c57e8 T SlopeDiv
002c5820 T SlopeDivEx
00467a18 B slopelist
003cd778 d slots
00414f40 b smem_buf
00100af0 t smem_write_word.isra.0
0000dd86 W smod.c.4688d039
0042df72 B smpstage_end
0042df74 B smpstage_start
004e40c4 b snac2pending
004e40c8 b snacpending
004d1b20 b snake
0032ba28 T Snake_Allocate
0032c770 T Snake_Draw
0032ccc0 T Snake_Free
0032cd00 T Snake_JoyGrabber
0032ba68 T Snake_Update
004443f4 b sneakers
00367724 D sneakertics
001305c0 T sniprintf
001253f8 T snprintf
004145d8 r soc_numbers
004caa14 B software_MAXPACKETLENGTH
00467d90 b solidsegs
00467a0d b solidteeter
004e57a8 b song_epoch
004e57ba b song_loaded
004e57b8 b song_paused
004e57b9 b song_playing
004e57b0 b song_position
004280aa b sonic_blink
004280a9 b sonic_blink_twice
004280a8 b sonic_blinked_already
004280a0 b sonic_idle_end
004280a4 b sonic_idle_start
00427402 B sound_disabled
004e5fc8 B sound_started
003428d0 t SoundTest_OnChange
004c78d4 B soundtestdefs
003b3f78 D soundtestpage
003b3f80 D soundtestsfx
003b4520 D soundvolume_cons_t
0036f6b0 d SP_GhostDef
0036abe8 d SP_GhostMenu
0036f6d8 d SP_GuestReplayDef
0036acc8 d SP_GuestReplayMenu
003684e8 D SP_LevelSelectDef
0036aeb0 d SP_LevelSelectMenu
0036f750 D SP_LevelStatsDef
0036aa58 d SP_LevelStatsMenu
00368510 D SP_LoadDef
0036aec8 d SP_LoadGameMenu
0036f7f0 D SP_MainDef
0036aee0 d SP_MainMenu
0036f5e8 d SP_MarathonDef
0036aa70 d SP_MarathonMenu
0036f688 d SP_NightsAttackDef
00368470 D SP_NightsAttackLevelSelectDef
0036ab68 d SP_NightsAttackLevelSelectMenu
0036aad8 d SP_NightsAttackMenu
0036f610 d SP_NightsGhostDef
0036ab80 d SP_NightsGhostMenu
0036f638 d SP_NightsGuestReplayDef
0036ac60 d SP_NightsGuestReplayMenu
0036f660 d SP_NightsReplayDef
0036ad40 d SP_NightsReplayMenu
003684c0 D SP_PauseLevelSelectDef
00368448 D SP_PlayerDef
0036aa40 d SP_PlayerMenu
0036f700 d SP_ReplayDef
0036ada8 d SP_ReplayMenu
0036f728 d SP_TimeAttackDef
00368498 D SP_TimeAttackLevelSelectDef
0036ae98 d SP_TimeAttackLevelSelectMenu
0036ae20 d SP_TimeAttackMenu
0036771c D spacetimetics
0043e2f0 B spam_tics
00367c78 D spam_tokens
004c57b8 B spanfunc
004c5760 B spanfuncs
004c5708 B spanfuncs_npo2
0047a4c8 b spanstart
00427e64 b sparklloop
00427e68 b sparkloffs
0036f868 D SPauseDef
0036e158 d SPauseMenu
004677c0 B spawnlines
004677c4 B spawnsectors
004677bc B spawnsides
00367bb8 d speed_cons_t
004dadd4 b spike_time
0034d9d0 t SplitBootPath.constprop.0
004e4151 B splitscreen
002e22d0 T SplitScreen_OnChange
0042df7a B spmarathon_start
00399b18 D spr2defaults
00399c58 D spr2names
0048ad7c B sprbotscreen
00125530 T sprintf
0046b2dc B spritecachedinfo
0048e620 B spriteinfo
004c53e8 b spritelights
0046b2cc B spritememory
0048b410 b spritename
0048e61c B sprites
0039b028 D sprnames
0045eb9c b sprnamesbackup
0045eb8c b sprnamesbackupsize
0048b418 b sprtemp
0048ad80 B sprtopscreen
0048ad84 B spryscale
0042df7c B spstage_start
00116760 T sqrt
00368538 D SR_EmblemHintDef
0036af58 d SR_EmblemHintMenu
00368588 D SR_LevelSelectDef
0036afc8 d SR_LevelSelectMenu
0036f840 D SR_MainDef
0036afe0 d SR_MainMenu
003685b0 D SR_PandoraDef
0036b638 d SR_PandorasBox
00368560 D SR_SoundTestDef
0036af98 d SR_SoundTestMenu
0036f818 D SR_UnlockChecklistDef
0036afb0 d SR_UnlockChecklistMenu
0011d1a8 T srand
00365408 D srb2home
00365308 D srb2path
00364a60 D srcfile
00422d60 b sregs
001255b8 T sscanf
0042df88 B ssspheres
0042df76 B sstage_end
0042df78 B sstage_start
0042c7fc B sstimer
001a8e20 t ST_cacheLevelTitle
0045a798 b st_cc
001b2a48 T ST_changeDemoView
001b1e60 T ST_doPaletteStuff
001ab8c8 t ST_drawDebugInfo
001aa858 t ST_drawEmeraldHuntIcon
001b7ed0 T ST_Drawer
001aaa28 t ST_drawInput
001a9098 t ST_drawLivesArea
001afbd8 t ST_DrawNightsOverlayNum.constprop.0
001afd08 t ST_drawNightsRecords
001b0ab0 t ST_drawPowerupHUD
001aa0d0 t ST_drawRaceNum
001af7e8 t ST_drawScore
001aa2b0 t ST_drawTime
001b2e68 T ST_drawTitleCard
001af9e8 t ST_drawWeaponRing.constprop.0
001af900 t ST_drawWeaponSelect.constprop.0
001b7e38 T ST_drawWipeTitleCard
001b2a28 T ST_Init
0045a760 b st_launchpad
001b2768 T ST_LoadFaceGraphics
001b1f10 T ST_LoadGraphics
001b8380 T ST_MovieInfoDrawer
004442b5 B st_overlay
001b3580 t ST_overlayDrawer
004442b8 B st_palette
001b7d78 T ST_preLevelTitleCardDrawer
0045a770 b st_radio
001b2890 T ST_ReloadSkinFaceGraphics
001b2b78 T ST_runTitleCard
001b1da8 T ST_SameTeam
003682b0 d st_scroll.10
0045a79c b st_sel
001b2988 T ST_Start
001b2ae8 T ST_startTitleCard
00367ddc d st_stopped
001b2b68 T ST_stopTitleCard
001b2e40 T ST_Ticker
0045a794 b st_time
00367dd8 D st_translucency
001b1f00 T ST_UnloadGraphics
004228c0 B stack
00444260 b stackoffs.1
0042c852 B stagefailed
004e4b64 b staging
0045ec98 b stand
00318518 t standardpdraw
004e8df0 b start.2
0045bdb0 B startchar
00367740 D startinglivesbalance
003cd6a8 d startingliveslimit_cons_t
0045bce2 B startmap
0045beb4 b startPos.9
0014a4b0 T startswith
00144080 T StartThread
00148410 W StartTimerSystemTime
00427418 b startupwadfiles
0012cf50 T stat
0040b530 R STATE_LIST
00382f58 D states
0045eb98 b statesbackup
0045eb88 b statesbackupsize
0045971c b staticx.12
00459718 b staticy.11
0045a74c b statsLocation
00459f30 b statsMapList
0045a748 b statsMax
004e14ac b statstarttic
001230c0 t stdio_exit_handler
003b44b0 D stereoreverse
003660a0 D stjrintro
004444a8 B stlivex
004677b2 B stoppedclock
0045bcb0 b stopstopmessage
0042bf4c b stoptimer
001484b8 W StopTimerSystemTime
00128af0 T stpcpy
0045ebd0 B stplyr
00126be0 T strcasecmp
00126c70 T strcat
001ea258 T strcatbf
00126d78 T strchr
00126f10 T strcmp
00126fc8 T strcpy
00127080 T strcspn
00127110 T strdup
001275c0 T strerror
001275d8 T strerror_l
0012b740 T strftime
0012b748 T strftime_l
0045bec0 b string.11
0045beb0 b stringLength.8
0045beb8 b stringToUse.10
001275f0 T strlcat
001276e0 T strlcpy
00127738 T strlen
00127800 T strlwr
00127858 T strncasecmp
00127900 T strncat
00127a20 T strncmp
00127b00 T strncpy
0013e2b0 T strnlen
00127bc8 T strpbrk
00127c50 T strrchr
00127cc8 T strspn
001287b0 T strstr
0011f688 T strtod
0011f670 T strtod_l
0011f730 T strtof
0011f6a8 T strtof_l
00127d28 T strtok
00127e08 T strtok_r
0011fac0 T strtol
0011faa8 T strtol_l
00140c50 T strtoll
00140c38 T strtoll_l
00130390 T strtoul
00130378 T strtoul_l
00140f98 T strtoull
00140f80 T strtoull_l
00127e10 T strupr
004677d8 B subsectors
00427424 B SUBVERSION
004e4ad0 b sum.1
004443dc b superparaloop
004444c0 B superprefix
003b4328 d surround
00146fb0 T SuspendThread
0034d4a0 T SV_AbortLuaFileTransfer
0034d4a8 T SV_AbortSendFiles
0034d490 T SV_HandleLuaFileSent
00339e98 T SV_Maketic
0033b108 T SV_ResendingSavegameToAnyone
0032e740 T SV_ResetServer
0033b140 T SV_SendSaveGame
00339730 T SV_SendTics
0032e9a8 T SV_SpawnServer
0032fe58 T SV_StartSinglePlayerServer
0032eae0 T SV_StopServer
0033a970 T SV_WriteNetCommandsForTic
00146608 T SyncDCache
00422de0 b sys_cmd_handlers
003cdfc8 r SysEntry
003d0058 r SysEntry
00212c68 T T_BounceCheese
003a1fa0 D t_cam_dist
003a1f9c D t_cam_height
003a1f98 D t_cam_rotate
003a1f94 D t_cam2_dist
003a1f90 D t_cam2_height
003a1f8c D t_cam2_rotate
002145a8 T T_CameraScanner
00211db0 T T_ContinuousFalling
001ee9a0 T T_CrushCeiling
0028a678 T T_Disappear
002c4678 T T_DynamicSlopeLine
002c4538 T T_DynamicSlopeVert
00213ec0 T T_EachTimeThinker
002915d8 T T_ExecutorDelay
0028b550 T T_Fade
00289968 T T_FadeColormap
00224628 T T_FireFlicker
00213710 T T_FloatSector
00287d98 T T_Friction
00224590 T T_Glow
00289060 T T_LaserFlash
00224940 T T_LightFade
002244e0 T T_LightningFlash
002135e8 T T_MarioBlock
00213820 T T_MarioBlockChecker
001eeba0 T T_MoveCeiling
00212678 T T_MoveElevator
00212298 T T_MoveFloor
00212020 T T_MovePlane
0025cf90 t T_MovePolyObj
00213d18 T T_NoEnemiesSector
00214ac8 T T_PlaneDisplace
0025e198 T T_PolyDoorSlide
0025e530 T T_PolyDoorSwing
0025e738 T T_PolyObjDisplace
0025eb18 T T_PolyObjFade
0025e8f0 T T_PolyObjFlag
0025da78 T T_PolyObjMove
0025d900 T T_PolyObjRotate
0025e810 T T_PolyObjRotDisplace
0025dc70 T T_PolyObjWaypoint
00288ad8 T T_Pusher
00214118 T T_RaiseSector
002881b0 T T_Scroll
00211d28 t T_SectorHasEnemies
00213158 T T_StartCrumble
00224540 T T_StrobeFlash
002138b0 T T_ThwompSector
0034c788 t Tactile.isra.0
00317650 T Tag_Add
00317858 T Tag_Compare
003177f0 T Tag_FGet
00317818 T Tag_Find
00318270 T Tag_FindLineSpecial
003177d0 T Tag_FSet
00318150 T Tag_Iterate_Lines
003180c0 T Tag_Iterate_Sectors
003181e0 T Tag_Iterate_Things
00317700 T Tag_Remove
00318360 T Tag_SectorAdd
00318400 T Tag_SectorFSet
003183b0 T Tag_SectorRemove
003178b0 T Taggroup_Add
00317490 t Taggroup_Add_Init
00317b00 T Taggroup_Remove
00442ff8 B tagico
00317ea8 T Taglist_InitGlobalTables
004c5810 B tags_available
004c57f8 B tags_lines_t
004c57f0 B tags_mapthings_t
004c5800 B tags_sectors_t
0042809e b tails_blink
0042809d b tails_blink_twice
0042809c b tails_blinked_already
00428094 b tails_idle_end
00428098 b tails_idle_start
00367720 D tailsflytics
0045e9c0 B takescreenshot
004430fc B tallinfin
00443100 B tallminus
00443158 B tallnum
00367dd4 d tallydonetic
003a2808 D tantoangle
0042c7c8 B teamscramble
003cd6c0 d teamscramble_cons_t
00343498 t TeamScramble_OnChange
0043e2ea b teamtalk
00467a10 b teeterer
00467a04 b teeterxh
00467a08 b teeterxl
004679fc b teeteryh
00467a00 b teeteryl
0012cbb0 T telldir
00467a20 b tempsec.0
00467b40 b tempsec.1
00467c60 b tempsec.2
00147e08 T TerminateLibrary
00144090 T TerminateThread
0042be9f b testttscale
003248b8 t TestValidLump
004db048 B textcmds
004e46c4 b textinputmode
0014f930 t TextPromptReserve
0042d8b8 B textprompts
004c5404 B texturecache
004c5408 B texturecolumns
00488fd0 b texturecolumntable
00488fd4 b texturecolumntablesize
004c53fc B textureheight
0046b2c8 B texturememory
004c540c B textures
004c53f8 B texturetranslation
004c5400 B texturewidth
00427988 b textxpos
00427984 b textypos
003173f8 t TG_Slot
00488fe8 b thicksidecol
0036fde0 D thinkercount_rows
0045e9d0 B thinkframe_hooks
0045e9cc B thinkframe_hooks_length
0040f520 r thintriangle_guy
004678d8 B thlist
0030e2a8 t ThrowError
004443fc b thundershield
0042c3d8 B ticcmd_centerviewdown
0042c3e0 B ticcmd_oldangleturn
0042c3d0 B ticcmd_ztargetfocus
004e1488 B ticmiss
003b3f58 d ticrate_cons_t
004e148c B ticruned
004e9224 b tics
00443bd0 b tictimer
004dadc4 B tictoclear
004c53f4 b tidcache
004c53f0 b tidcachelen
0046b2e8 b tiltlighting
0012b750 T time
00367750 D timeattackfolder
004e4260 B timedemo_csv
004e4160 B timedemo_csv_id
004e4268 B timedemo_name
004e415a B timedemo_quit
0042df80 B timeinmap
003cc810 d timelimit_cons_t
0033f650 t TimeLimit_OnChange
004e40b8 B timelimitintics
004e4368 B timelimits
00443c70 b timer
001466b8 T TimerBusClock2USec
001486a0 T TimerHandler_callback
00147d30 T TimerUSec2BusClock
00367d58 d timescale_cons_t
003cc918 d timetic_cons_t
0042bf60 b timetonext
0042c386 B timingdemo
003ce430 r tiny
003ce6a8 r tinytens
0042c3cc b titlecardforreload
00427452 B titlechanged
0042c33c B titledemo
0042df70 B titlemap
0042bf44 B titlemapcameraref
0042bf64 B titlemapinaction
003660c4 D titlescrollxspeed
0042bf68 B titlescrollyspeed
00364630 d TLBInfo
00364650 D tlbsrc
0045ed08 B tmbbox
0045ecb8 B tmceilingrover
0045ecb0 B tmceilingslope
0045ecd0 B tmceilingz
0045eccc b tmdropoffz
0045ecc8 b tmdrpoffceilz
0045ecfc b tmflags
0045ecbc B tmfloorrover
0045ecb4 B tmfloorslope
0045ecc4 B tmfloorthing
0045ecd4 B tmfloorz
0045ecc0 B tmhitthing
00459720 b tmp.13
004597c0 b tmp.14
0045ecf0 b tmprecipthing
0045ed00 B tmthing
0045ecf8 B tmx
0045ec88 b tmxmove
0045ecf4 B tmy
0045ec84 b tmymove
00443860 B tny_font
0042c80c B token
0042c800 B tokenbits
00442f8c B tokenicon
001ee110 T Tokenizer_Close
001edf98 T Tokenizer_Open
001ed9c8 T Tokenizer_Read
001ed8f8 t Tokenizer_ReadTokenString
0042c808 B tokenlist
004224b0 B topArg
00489004 b topfrac
004228bc B topId
0046c864 B topleft
004228b8 B topSema
00489000 b topstep
004890cc b toptexture
001468d8 t topThread
004c56b0 b total_frame_time
0033a5a0 T TotalTextCmdPerTic
0045ed20 B trace
0046c370 b translationtablecache
003b3598 d translucenthud_cons_t
00318548 t translucentpdraw
00318578 t transmappedpdraw
0046b890 b transtab_lazy
0046b7e8 b transtab_lutp
00420040 B trayReqData
00330cf0 T TryRunTics
00366150 d tta_factor.5
0042be98 B ttavailable
0042bed8 b ttbanner
0042b080 b ttembl
00428650 b ttknba
00428380 b ttknbk
004280b0 b ttkndh
00428bf0 b ttknib
00428920 b ttknif
00443108 B ttlnum
0042be90 B ttloaded
003660ba D ttloop
003660c0 D ttmode
0042bf00 B ttname
0042adb0 b ttrbtx
0042bbc0 b ttribb
0042b620 b ttrobo
003660bc D ttscale
0042a540 b ttsoba
0042a270 b ttsobk
00429fa0 b ttsodh
0042aae0 b ttsoib
0042a810 b ttsoif
0042bed0 b ttsonic
0042b8f0 b ttsont
0042beb8 b ttspop1
0042beb4 b ttspop2
0042beb0 b ttspop3
0042beac b ttspop4
0042bea8 b ttspop5
0042bea4 b ttspop6
0042bea0 b ttspop7
0042bec0 b ttsprep1
0042bebc b ttsprep2
0042becc b ttswave1
0042bec8 b ttswave2
0042bec4 b ttswip1
00429730 b tttaba
00429460 b tttabk
00429190 b tttabt
00428ec0 b tttaft
00429cd0 b tttaib
00429a00 b tttaif
003660b8 D tttics
0042b350 b tttwot
00427ef8 b ttuser
00427ef4 b ttuser_count
0042bed4 b ttwing
0042befc B ttx
0042befa B tty
0042c3b0 b turnheld.6
0042df54 B tutorialanalog
0042df5c B tutorialfreelook
0042df64 B tutorialgcs
0042df6a B tutorialmap
0042df68 B tutorialmode
0042df58 B tutorialmousemove
0042df60 B tutorialusemouse
003ce328 r two_over_pi
00128388 t two_way_long_needle
00128008 t two_way_short_needle
00433a48 b txt.1
00433a4c b txt.2
00433a50 b txt.3
00367c72 d typelines
00366168 D TYPEOFLEVEL
00420780 b tz.0
00364148 d tzinfo
0012bbc0 T tzset
00467808 B udmf
0045a758 B ultimate_selectable
00432540 B ultimatemode
004c9dc0 b uname.0
004c9dd0 b uname.2
00262be8 t UnArchiveSectors
002620e0 t UnArchiveSide
0036771e D underwatertics
0013e298 T ungetc
0012cf68 T unlink
00148ba8 T UnlinkAlarm_ForTimer
0032d668 t UnlinkPlayerFromNode
00445188 B unlockables
004596e8 B unlocktriggers
00148f48 T unsetenv
0034d0d0 t Update_parameters
002de438 t UpdateLevelInterpolatorState
0032d140 t UpdatePingTable
0042c7e8 B use1upSound
00367711 D useBlackRock
00443c6d B usebuffer
0042c7e7 B useContinues
00427458 B used_spr
004324d0 B usedCheats
00365300 D usehome
00443c6c b useinterpic
003cd710 d usemouse_cons_t
0017b778 t UserAnalog_OnChange
0017b730 t UserAnalog2_OnChange
00443c74 b usetile
004c7834 b v_colormap
0031de38 T V_CountNameTagLines
003185b8 t V_CubeApply.part.0
0031eb00 T V_DoPostProcessor
0031e310 T V_DrawAlignedFontString
0031e090 T V_DrawAlignedFontStringAtFixed
0031b318 T V_DrawBlock
0031c458 T V_DrawContinueIcon
0031aaa8 T V_DrawCroppedPatch
0031ce40 T V_DrawFadeConsBack
0031c568 T V_DrawFadeFill
0031cd10 T V_DrawFadeScreen
0031b588 T V_DrawFill
0031c9e0 T V_DrawFlatFill
0031d130 T V_DrawFontCharacter
0031d8e0 T V_DrawFontString
0031d428 T V_DrawFontStringAtFixed
0031dbf0 T V_DrawLevelActNum
0031e6e0 T V_DrawNameTag
0031e388 t V_DrawNameTagLine
0031dac0 T V_DrawPaddedTallNum
0031cc38 T V_DrawPatchFill
0031cea0 T V_DrawPromptBack
0031bb20 T V_DrawStretchyFixedPatch
0031d950 T V_DrawTallNum
0031e9b0 T V_FontStringHeight
0031dee0 T V_FontStringWidth
0031d230 T V_FontWordWrap
0031d018 T V_GetStringColormap
0031f410 T V_Init
0031dd78 T V_LevelActNumWidth
0031f550 T V_Recalc
0031a850 T V_SetPalette
0031a9a8 T V_SetPaletteLump
004c7830 b v_translevel
0031b420 T V_VMAPToPaletteIndex
001e86e0 T va
00129088 t validate_structure
003b3668 D validcount
00433a58 b var_skips.5
0045ebcc B var1
0045ebc8 B var2
0034a380 t vblank_handler
00427428 B VERSION
004677e4 B vertexes
001225c0 T vfiprintf
0013d8d8 T vfprintf
004c56d0 B vid
0031a9f0 T VID_BlitLinearScreen
00349ce8 T VID_CheckRenderer
00349cd8 T VID_GetModeForSize
00349cb0 T VID_GetModeName
00349ca8 T VID_NumModes
00349ce0 T VID_PrepareModeList
00349dd8 T VID_SetMode
0045bcc8 b vidm_column_size
0045bccc b vidm_nummodes
0045bcd4 b vidm_previousmode
0045bcd0 b vidm_selected
0045bcd8 b vidm_testingmode
00476868 B viewangle
00472838 B viewangletox
0046c894 B viewcontext
00476860 B viewcos
004caa18 B viewfiles
0046ca40 b viewfov
0046c870 B viewheight
003b2940 d viewmorph
00476854 B viewplayer
00476858 B viewsector
004d1b39 b viewserver_addons
004d1b34 b viewserver_scroll
004d1b38 b viewserver_toggle
0047685c B viewsin
0046c878 B viewwidth
0046c86c B viewwindowx
0046c868 B viewwindowy
00476874 B viewx
00476870 B viewy
0047686c B viewz
004882c0 B visplanes
0048b360 b visspritechunks
0048b3e8 B visspritecount
00328150 T vres_Find
003280b8 T vres_Free
00327cc8 T vres_GetMap
0018fc98 T VS_GetSpace
00125848 T vsnprintf
00125998 T vsprintf
0048a780 b vsprsortedhead.0
00327628 T W_CacheLumpName
00327618 T W_CacheLumpNum
00327528 T W_CacheLumpNumPwad
00327b38 T W_CachePatchLongName
00327a90 T W_CachePatchName
00327718 T W_CachePatchNum
00327678 T W_CachePatchNumPwad
00443018 b w_chat
003248b0 t W_CheckFolderKeys
002fa898 t W_CheckForPatchSkinMarkerInPwad
002fa960 t W_CheckForSkinMarkerInPwad
00325088 T W_CheckNameForNumPwad
00325488 T W_CheckNumForFolderEndPK3
003252a8 T W_CheckNumForFolderStartPK3
00325ff8 T W_CheckNumForFullNamePK3
00326740 T W_CheckNumForMap
00325278 T W_CheckNumForMarkerStartPwad
00326658 T W_CheckNumForName
00325108 T W_CheckNumForNamePwad
00326a30 T W_CheckNumForPatchName
00325608 t W_CheckNumForPatchNameInternal
00325ee8 T W_CountFolderLumpsPwad
003248a0 t W_DeallocFolderKey
003277d0 T W_GetCachedPatchNumPwad
00325d30 T W_GetFolderLumpsPwad
00325c18 T W_GetLumpFolderNamePK3
00325b68 T W_GetLumpFolderPathPK3
003269f0 T W_GetNumForName
00326a38 T W_GetNumForPatchName
00327320 t W_GetPatchPwad
003260d0 T W_InitFile
003265c0 T W_InitMultipleFiles
00326d88 T W_IsLumpFolder
00326ce0 T W_IsLumpWad
00326a80 T W_LumpExists
00326cd0 T W_LumpLength
00326b40 T W_LumpLengthPwad
00324f58 T W_OpenWadFile
00327500 T W_ReadLump
003274e8 T W_ReadLumpHeader
00326e00 T W_ReadLumpHeaderPwad
00327518 T W_ReadLumpPwad
00327870 T W_ReadPatchHeaderPwad
00324d70 T W_Shutdown
00327a88 T W_UnlockCachedPatch
00327be0 T W_VerifyNMUSlumps
004c9fe0 B wadfiles
004e62c9 B waitingforluafilecommand
004e62ca B waitingforluafiletransfer
00144130 T WaitSema
00149e70 T WaitSemaEx
00149e50 t WaitSemaEx_callback
00146f90 T WakeupThread
00488ff4 b walllights
00444414 b watershield
004670e8 B waypoints
00466ce0 B waypoints_emptybuf
00427420 B window_notinfocus
0048ad74 B windowbottom
0048ad78 B windowtop
004265b4 b wipe.1
0042bf88 b wipe_scr
0042bf8c b wipe_scr_end
0042bf90 b wipe_scr_start
003660f8 D wipedefs
003652f8 D wipegamestate
0042bf9d B WipeInAction
0042bf9c B WipeStageTitle
0042bf94 B wipestyle
003660f4 D wipestyleflags
003652f4 D wipetypepost
003652f6 D wipetypepre
00489078 b worldbottom
00489068 b worldbottomslope
00489074 b worldhigh
00489064 b worldhighslope
00489070 b worldlow
00489060 b worldlowslope
0048907c b worldtop
0048906c b worldtopslope
00328720 T WPack_Detect
00328850 T WPack_GetLumps
00328e68 T WPack_ReadLump
00328798 T WPack_SetupHandle
00328e08 T WPack_Shutdown
00328810 T WPack_VerifyNMUS
00312480 t WritePatchPixel_i16o16
00312540 t WritePatchPixel_i16o32
003123f8 t WritePatchPixel_i16o8
003124a0 t WritePatchPixel_i32o16
00312588 t WritePatchPixel_i32o32
00312418 t WritePatchPixel_i32o8
00312460 t WritePatchPixel_i8o16
003124f8 t WritePatchPixel_i8o32
00312408 t WritePatchPixel_i8o8
004768b0 b xoffs
0040fff0 r xspeed
0014a578 T xstrtok
00472330 B xtoviewangle
00443c68 b y_buffer
001a1a40 t Y_CalculateCompetitionWinners
001a15d8 t Y_CalculateMatchWinners
001a27f8 T Y_CleanupScreenBuffer
001a26e8 T Y_ConsiderScreenBuffer
001a7518 T Y_DetermineIntermissionType
001a8db8 T Y_EndIntermission
001a2878 T Y_IntermissionDrawer
001a13b0 t Y_IntermissionTokenDrawer
001a23b8 T Y_LoadIntermissionData
001a1018 t Y_RescaleScreenBuffer
001a19d0 t Y_SetGuardBonus
001a1fc0 t Y_SetLapBonus
001a1f60 t Y_SetLinkBonus
001a1868 t Y_SetNightsBonus
001a1858 t Y_SetNullBonus
001a1898 t Y_SetPerfectBonus
001a2010 t Y_SetRingBonus
001a2068 t Y_SetTimeBonus
001a7600 T Y_StartIntermission
001a6720 T Y_Ticker
001a21c0 t Y_UnloadData
00433aa4 B yellowmap
004443c8 b yelstat
004768a8 b yoffs
004768b8 B yslope
004768c0 B yslopetab
0040ffd0 r yspeed
00161278 t Z_ArenaStart.part.0
00161ec0 T Z_Calloc2
00162358 T Z_ChangeTag2
00162210 T Z_CheckHeap
001610b8 t Z_Evictable
00161580 t Z_EvictLRU
00161938 T Z_FrameCount
00161b58 T Z_Free2
00161800 t Z_FreeTagRange
001622d8 T Z_FreeTags
00161ab8 T Z_Init
00162110 T Z_IterateTags
00161bd0 T Z_Malloc2
001618c8 T Z_NextFrame
00161948 T Z_PurgeLock
00161ef0 T Z_Realloc2
001623f8 T Z_SetUser2
00162790 T Z_StrDup
00162488 T Z_TagsUsage
0034f2a0 T ZA_Alloc
004e8de0 b za_base
004e8bd8 b za_bin
0034fb28 T ZA_BlockAt
0034fc80 T ZA_Check
004e8ddc b za_end
004e8b98 b za_evictbytes
0034faf0 T ZA_First
0034f868 T ZA_Free
0034fb40 T ZA_FreeBytes
004e8bb4 b za_freecount
004e8bb8 b za_gpeak
0034f198 T ZA_InitHeap
0034f080 T ZA_InitMem
0034edc8 t ZA_ListAdd
0034eea8 t ZA_ListDel
004e8bc8 b za_map
004e8bac b za_nalloc
004e8b9c b za_nevict
0034fb00 T ZA_Next
004e8ba4 b za_nfail
004e8ba8 b za_nfree
0034fac8 T ZA_NoteEvict
004e8ba0 b za_nsearch
004e8bbc b za_peak
003cdd78 D za_prefer
0034eb90 t ZA_PrintOwners
0034f290 T ZA_Ready
003cdd74 D za_redzone
0034fab0 T ZA_ResetPeak
004e8dd8 b za_size
0034fb58 T ZA_Stats
003cdd7c D za_twosided
004e8bc0 b za_used
004e8bb0 b za_usedcount
0042c398 b zchange.2
00414c78 r zero.0
003cf3d8 r zeroes.0
003cf820 r zeroes.0
003ceac8 r zeroes.0
003cfda8 r zeroes.0
00366c80 d zerotoone_cons_t
0042797c b zframe
00427978 b zframe_explicit
00366098 d zheadroom
0036fb70 d zlib_level_t
0036fbc8 d zlib_mem_level_t
0036fb40 d zlib_strategy_t
0036fb00 d zlib_window_bits_t
0046cb30 B zlight
00427970 b zpinned
00427974 b zpurgelock
00427968 b zreport_count
0042796c b zreport_interval
00427964 b zreqfile
00427960 b zreqline
0036609c d zreserve
